2025.10.06,05:00,3938.66600,3945.20500,3927.36400,3932.65700,18314
2025.10.06,06:00,3932.75800,3934.83700,3922.44900,3934.29200,18684
2025.10.06,07:00,3934.32100,3943.88100,3929.27200,3941.61700,20705
2025.10.06,08:00,3941.65100,3949.59600,3935.40900,3942.47000,18104
2025.10.06,09:00,3942.37100,3944.99300,3936.53500,3942.33400,11955
2025.10.06,10:00,3942.36700,3946.78200,3932.57200,3942.22900,14495
2025.10.06,11:00,3942.11300,3942.79000,3931.00400,3938.25600,17379
2025.10.06,12:00,3938.22600,3941.35800,3926.47800,3934.25600,29031
2025.10.06,13:00,3934.28700,3947.22500,3927.14200,3944.56900,29243
2025.10.06,14:00,3944.53700,3958.89600,3940.21600,3954.94900,26585
2025.10.06,15:00,3954.92400,3964.15500,3948.05600,3962.48600,19018
2025.10.06,16:00,3962.45400,3969.99900,3945.79900,3954.06600,24986
2025.10.06,17:00,3954.09100,3959.00800,3951.15100,3957.84200,13257
2025.10.06,18:00,3957.87600,3960.61300,3955.87800,3958.47200,7799
2025.10.06,19:00,3958.42700,3964.98200,3958.27400,3959.45100,8447
2025.10.06,20:00,3959.41500,3962.51700,3957.39700,3961.11400,5210
2025.10.06,22:02,3958.91900,3976.19800,3958.45500,3964.44600,16471
2025.10.06,23:02,3964.50300,3972.57000,3961.59900,3969.51400,10348
2025.10.07,00:00,3969.55400,3977.47500,3961.44300,3962.85500,17021
2025.10.07,01:00,3962.82200,3963.78200,3955.82900,3958.18200,15019
2025.10.07,02:00,3958.13500,3966.97600,3957.38600,3964.90300,8088
2025.10.07,03:00,3964.84800,3974.62200,3960.73800,3973.39500,9932
2025.10.07,04:00,3973.42600,3976.90400,3971.45400,3975.94400,8009
2025.10.07,05:00,3975.91800,3976.78400,3960.09600,3964.74700,16621
2025.10.07,06:00,3964.62400,3966.33900,3953.79200,3955.19200,14578
2025.10.07,07:00,3955.22300,3956.18000,3943.29100,3945.91800,25483
2025.10.07,08:00,3945.87200,3954.04500,3940.82000,3951.28500,17393
2025.10.07,09:00,3951.28300,3963.52400,3951.04000,3955.18400,12442
2025.10.07,10:00,3955.16100,3962.87700,3954.06000,3960.07500,9539
2025.10.07,11:00,3960.08800,3969.16000,3956.30800,3966.97800,10497
2025.10.07,12:00,3966.95700,3980.12300,3964.31900,3979.45800,18512
2025.10.07,13:00,3979.37200,3985.65700,3970.49900,3979.25000,25661
2025.10.07,14:00,3979.21100,3986.68500,3968.97600,3985.60000,27385
2025.10.07,15:00,3985.63500,3991.05900,3961.80700,3966.15300,33091
2025.10.07,16:00,3966.19800,3979.45500,3963.16400,3976.66500,23247
2025.10.07,17:00,3976.71300,3987.71100,3976.44300,3980.91200,15023
2025.10.07,18:00,3980.95400,3983.93200,3974.07600,3980.94700,14361
2025.10.07,19:00,3981.00600,3983.34800,3978.45100,3980.14000,9591
2025.10.07,20:00,3980.19500,3986.48700,3980.16600,3984.51500,4891
2025.10.07,22:02,3983.62200,3992.29200,3983.44000,3991.92900,5261
2025.10.07,23:02,3991.94600,3995.94600,3988.35700,3994.41100,6432
2025.10.08,00:00,3994.36700,3999.24800,3989.36100,3992.42500,12811
2025.10.08,01:00,3992.37600,4000.80000,3984.50200,4000.61400,16306
2025.10.08,02:00,4000.58100,4011.71300,3995.65300,4011.62900,11861
2025.10.08,03:00,4011.58200,4016.52700,4008.89000,4014.81900,9938
2025.10.08,04:00,4014.93800,4027.29000,4014.63700,4026.73000,11501
2025.10.08,05:00,4026.68500,4037.01800,4024.48200,4029.08900,14535
2025.10.08,06:00,4029.20300,4033.17200,4021.33900,4031.57500,16487
2025.10.08,07:00,4031.67500,4039.05800,4030.07300,4034.16500,15094
2025.10.08,08:00,4034.22400,4040.45800,4033.17200,4036.24700,12371
2025.10.08,09:00,4036.21800,4049.56400,4030.82900,4049.23900,13198
2025.10.08,10:00,4049.20400,4049.61100,4033.52200,4037.13200,14610
2025.10.08,11:00,4037.18200,4038.14100,4032.02300,4037.89900,11758
2025.10.08,12:00,4037.93100,4046.41900,4030.95400,4039.98400,19162
2025.10.08,13:00,4039.95000,4049.41200,4026.34200,4037.97000,30167
2025.10.08,14:00,4037.91900,4049.05900,4035.61700,4048.13600,22538
2025.10.08,15:00,4048.10200,4050.71900,4037.21500,4045.64700,20652
2025.10.08,16:00,4045.69400,4059.32100,4044.19100,4056.72600,16968
2025.10.08,17:00,4056.67300,4058.14100,4042.84000,4051.22400,14351
2025.10.08,18:00,4051.32600,4053.25000,4038.49200,4049.85800,18269
2025.10.08,19:00,4049.88900,4054.59300,4032.08200,4044.82900,25835
2025.10.08,20:00,4044.80400,4046.68600,4038.58200,4041.76400,8333
2025.10.08,22:02,4036.33900,4038.29100,4015.43400,4015.75900,13151
2025.10.08,23:02,4015.77500,4021.98400,4001.23000,4011.70800,18745
2025.10.09,00:00,4011.70600,4027.93100,4008.66300,4023.03700,18994
2025.10.09,01:00,4023.06100,4036.30000,4008.20500,4019.76400,38248
2025.10.09,02:00,4019.72700,4021.31900,4002.48400,4018.57800,23384
2025.10.09,03:00,4018.56000,4029.51100,4017.15400,4026.76100,12885
2025.10.09,04:00,4026.72000,4041.06900,4026.72000,4039.01500,9863
2025.10.09,05:00,4039.03700,4043.74400,4034.23600,4039.77600,15585
2025.10.09,06:00,4039.81100,4040.96200,4022.63100,4026.10000,19147
2025.10.09,07:00,4026.13300,4032.97200,4024.65100,4031.58200,15122
2025.10.09,08:00,4031.48000,4040.32500,4030.22100,4038.20300,11071
2025.10.09,09:00,4038.15400,4042.07700,4034.22700,4037.48800,11221
2025.10.09,10:00,4037.45800,4044.34600,4036.29300,4044.21900,8142
2025.10.09,11:00,4044.17200,4046.78800,4033.45900,4044.48800,13855
2025.10.09,12:00,4044.45000,4053.77600,4037.41000,4053.34200,19382
2025.10.09,13:00,4053.39600,4057.98100,4017.43800,4017.43800,52379
2025.10.09,14:00,4017.39000,4029.04800,4003.97900,4024.19500,61372
2025.10.09,15:00,4024.15500,4028.62000,4006.43000,4014.47100,36617
2025.10.09,16:00,4014.43300,4021.75700,3964.01000,3968.61200,47962
2025.10.09,17:00,3968.65500,3974.39600,3944.60000,3950.14000,55065
2025.10.09,18:00,3950.11200,3968.95500,3949.48100,3957.33800,25542
2025.10.09,19:00,3957.29400,3982.21400,3955.18600,3973.03300,21978
2025.10.09,20:00,3973.08700,3979.00700,3973.03400,3976.03300,8880
2025.10.09,22:02,3981.26500,3981.29800,3958.51400,3977.33600,11565
2025.10.09,23:02,3977.28200,3990.83300,3974.50300,3989.93200,12164
2025.10.10,00:00,3989.92700,3994.42200,3985.53500,3991.07400,14444
2025.10.10,01:00,3991.04300,3992.40900,3969.90700,3973.27500,23830
2025.10.10,02:00,3973.31600,3986.73800,3973.18500,3978.67000,14632
2025.10.10,03:00,3978.56800,3979.30500,3960.79500,3961.96300,17770
2025.10.10,04:00,3961.93400,3966.77500,3946.91000,3966.30300,16705
2025.10.10,05:00,3966.32400,3977.90900,3965.61000,3974.92300,18864
2025.10.10,06:00,3974.95100,3976.18500,3962.68400,3968.38000,21573
2025.10.10,07:00,3968.35000,3976.24600,3952.59400,3971.99000,22264
2025.10.10,08:00,3971.99800,3994.82000,3970.09800,3992.03600,17838
2025.10.10,09:00,3992.07900,4006.76000,3990.18800,3995.66400,19816
2025.10.10,10:00,3995.63700,4000.13800,3990.76700,3993.96300,16990
2025.10.10,11:00,3993.99100,3999.74300,3983.16500,3987.20700,18389
2025.10.10,12:00,3987.23500,3993.53400,3980.22200,3985.70200,21738
2025.10.10,13:00,3985.71400,3998.20800,3975.45600,3980.84000,35614
2025.10.10,14:00,3980.82700,3994.21600,3970.60400,3988.50500,35476
2025.10.10,15:00,3988.54000,4022.80500,3988.02900,3997.97700,67347
2025.10.10,16:00,3998.01100,3998.78200,3977.36800,3983.31600,43306
2025.10.10,17:00,3983.36000,3992.23400,3974.97500,3989.95900,29079
2025.10.10,18:00,3989.99700,4009.05300,3984.19000,3999.01400,21182
2025.10.10,19:00,3998.93100,4021.31500,3995.72100,4011.60900,23401
2025.10.10,20:00,4011.65200,4020.90300,4005.64800,4010.39900,17170
2025.10.12,22:05,4014.46300,4051.02600,4008.64500,4050.22300,25549
2025.10.12,23:05,4050.19100,4060.24300,4032.18000,4035.14700,24185
2025.10.13,00:00,4035.19500,4059.92600,4024.30000,4043.87800,37134
2025.10.13,01:00,4043.83400,4054.96000,4035.78700,4053.07600,31332
2025.10.13,02:00,4053.11100,4055.91500,4041.61800,4048.04500,18135
2025.10.13,03:00,4048.00000,4056.46700,4046.26500,4051.91900,12994
2025.10.13,04:00,4051.92200,4059.45300,4050.97400,4056.31600,8996
2025.10.13,05:00,4056.29100,4078.20600,4054.81400,4063.75200,22980
2025.10.13,06:00,4063.80400,4073.61200,4059.73900,4069.54200,21741
2025.10.13,07:00,4069.49800,4077.46400,4066.51800,4071.17600,16802
2025.10.13,08:00,4071.13500,4079.31900,4069.05700,4077.81300,15260
2025.10.13,09:00,4077.80000,4079.86400,4070.32700,4077.35000,12104
2025.10.13,10:00,4077.36500,4085.28800,4071.28800,4080.90300,13029
2025.10.13,11:00,4080.94400,4084.61300,4073.60200,4073.98600,14716
2025.10.13,12:00,4073.98700,4085.86000,4073.17300,4079.55400,20146
2025.10.13,13:00,4079.59900,4095.60200,4078.16500,4093.98200,28481
2025.10.13,14:00,4093.95500,4103.95600,4090.67000,4097.38300,24110
2025.10.13,15:00,4097.34600,4107.41200,4091.71100,4104.90800,18704
2025.10.13,16:00,4104.95000,4117.10300,4103.83500,4105.75300,19265
2025.10.13,17:00,4105.78300,4115.40400,4100.19500,4103.90500,18097
2025.10.13,18:00,4103.85000,4107.51700,4099.37100,4101.73000,11763
2025.10.13,19:00,4101.72700,4110.90900,4090.70100,4108.59600,14250
2025.10.13,20:00,4108.55800,4112.77600,4106.02400,4111.33600,5185
2025.10.13,22:02,4112.46600,4116.41800,4106.54100,4114.21800,8331
2025.10.13,23:02,4114.19300,4132.06900,4112.75600,4128.04500,15638
2025.10.14,00:00,4128.09100,4130.19600,4119.56800,4124.55100,18847
2025.10.14,01:00,4124.51200,4149.92700,4123.12400,4137.26900,33905
2025.10.14,02:00,4137.29600,4149.75600,4136.97200,4146.03200,20004
2025.10.14,03:00,4146.01700,4166.48600,4145.17200,4163.37300,16711
2025.10.14,04:00,4163.41400,4170.03800,4155.73800,4168.03700,17107
2025.10.14,05:00,4168.00200,4179.71900,4111.13300,4121.12500,58011
2025.10.14,06:00,4121.16600,4133.90100,4090.60300,4112.05900,69902
2025.10.14,07:00,4112.02700,4127.81700,4102.46900,4126.24500,35322
2025.10.14,08:00,4126.21200,4145.24700,4124.64100,4143.95500,27470
2025.10.14,09:00,4144.05100,4144.34700,4121.78200,4127.54000,25925
2025.10.14,10:00,4127.58100,4144.27200,4125.00300,4131.81100,24613
2025.10.14,11:00,4131.76500,4137.86400,4125.69800,4130.51100,19208
2025.10.14,12:00,4130.47300,4134.48300,4103.48700,4106.59200,35705
2025.10.14,13:00,4106.61900,4129.56300,4097.76200,4124.09700,55225
2025.10.14,14:00,4124.03900,4137.65400,4121.13700,4129.17800,37398
2025.10.14,15:00,4129.21400,4142.71600,4126.16800,4137.98900,25201
2025.10.14,16:00,4138.03000,4155.31600,4127.90000,4140.45500,29566
2025.10.14,17:00,4140.40600,4153.00400,4137.33000,4148.03500,25777
2025.10.14,18:00,4148.09700,4152.50300,4143.05200,4148.18400,15025
2025.10.14,19:00,4148.25400,4150.64200,4134.38900,4141.56400,22449
2025.10.14,20:00,4141.59900,4146.02000,4139.13800,4143.66200,7185
2025.10.14,22:02,4143.82700,4163.87500,4140.60800,4158.04000,13696
2025.10.14,23:02,4157.91300,4167.14400,4157.91300,4161.61300,8939
2025.10.15,00:00,4161.57400,4169.65700,4153.83500,4162.57600,16640
2025.10.15,01:00,4162.60400,4186.82000,4162.04700,4181.64100,29369
2025.10.15,02:00,4181.70300,4184.63600,4167.03600,4176.33300,20551
2025.10.15,03:00,4176.37000,4190.86300,4176.01300,4187.05100,13144
2025.10.15,04:00,4187.09900,4187.57900,4173.25300,4179.75800,10265
2025.10.15,05:00,4179.64600,4193.76600,4176.53900,4185.86600,17058
2025.10.15,06:00,4185.83700,4200.36800,4184.20800,4199.35100,15468
2025.10.15,07:00,4199.24300,4209.79900,4194.56900,4207.69000,12709
2025.10.15,08:00,4207.73200,4218.24900,4207.09500,4208.09500,15241
2025.10.15,09:00,4208.16900,4212.10500,4164.77400,4192.55400,33274
2025.10.15,10:00,4192.52100,4206.44100,4190.43400,4202.55500,18085
2025.10.15,11:00,4202.52500,4204.28400,4193.45200,4198.69200,13929
2025.10.15,12:00,4198.73100,4202.74300,4176.18700,4190.54400,29364
2025.10.15,13:00,4190.47800,4198.65200,4182.85100,4192.19900,36649
2025.10.15,14:00,4192.15300,4212.36100,4191.43900,4199.93900,32982
2025.10.15,15:00,4199.83500,4203.03100,4179.64900,4190.23500,37070
2025.10.15,16:00,4190.28500,4199.97800,4186.25300,4199.09800,22787
2025.10.15,17:00,4199.04800,4199.73600,4182.52700,4197.93700,27541
2025.10.15,18:00,4197.99400,4204.67400,4195.13200,4200.57100,17047
2025.10.15,19:00,4200.54200,4213.52500,4200.36800,4210.37200,12563
2025.10.15,20:00,4210.32800,4212.86800,4206.05000,4208.28700,7302
2025.10.15,22:02,4211.94800,4215.90100,4199.61300,4214.29700,10037
2025.10.15,23:02,4214.29100,4214.29100,4206.18800,4209.45800,9449
2025.10.16,00:00,4209.55700,4227.27400,4204.95900,4210.63100,17445
2025.10.16,01:00,4210.67900,4232.97200,4210.67900,4230.19400,22507
2025.10.16,02:00,4230.22100,4239.52300,4225.87200,4239.46100,12317
2025.10.16,03:00,4239.40500,4242.11900,4228.94700,4233.81600,14391
2025.10.16,04:00,4233.80400,4239.42000,4227.91200,4233.55900,11935
2025.10.16,05:00,4233.44500,4234.80100,4203.50800,4204.95100,35615
2025.10.16,06:00,4204.91500,4227.22500,4203.55500,4222.86900,21726
2025.10.16,07:00,4222.83500,4233.98700,4222.09400,4230.54700,14667
2025.10.16,08:00,4230.61500,4235.93300,4228.41400,4232.86900,11179
2025.10.16,09:00,4232.90300,4241.68200,4222.06200,4239.45300,13239
2025.10.16,10:00,4239.41300,4246.24400,4234.29100,4242.76100,13167
2025.10.16,11:00,4242.80200,4247.73400,4239.56400,4240.65900,11876
2025.10.16,12:00,4240.70300,4251.19900,4227.66400,4235.98000,25122
2025.10.16,13:00,4235.95000,4258.79300,4234.77900,4246.28000,32931
2025.10.16,14:00,4246.25100,4267.63800,4245.38300,4263.24500,30214
2025.10.16,15:00,4263.26100,4276.07300,4260.77200,4273.38800,22726
2025.10.16,16:00,4273.43800,4291.93700,4261.38800,4282.61100,50291
2025.10.16,17:00,4282.57900,4298.70900,4280.09700,4293.82700,30593
2025.10.16,18:00,4293.79600,4294.98900,4273.39000,4291.05100,30557
2025.10.16,19:00,4291.00800,4313.04300,4287.79100,4307.37300,22344
2025.10.16,20:00,4307.41700,4330.58600,4307.41700,4329.32300,15600
2025.10.16,22:02,4345.07500,4380.04900,4332.68500,4342.49400,35370
2025.10.16,23:02,4342.54000,4379.16600,4342.22000,4365.80500,25272
2025.10.17,00:00,4365.76300,4371.63400,4353.48800,4358.19500,28222
2025.10.17,01:00,4358.16900,4362.23000,4278.86500,4314.06400,82092
2025.10.17,02:00,4314.01200,4348.51600,4312.21800,4342.46100,43478
2025.10.17,03:00,4342.50400,4366.81500,4338.70700,4366.73000,23074
2025.10.17,04:00,4366.71800,4377.16900,4355.07400,4376.28100,22275
2025.10.17,05:00,4376.23400,4378.55400,4342.10500,4365.79500,32699
2025.10.17,06:00,4365.82700,4369.59900,4346.73800,4360.02900,36536
2025.10.17,07:00,4360.06700,4361.88600,4308.91200,4341.79600,53431
2025.10.17,08:00,4341.82200,4349.74000,4321.09400,4347.80000,41248
2025.10.17,09:00,4347.75300,4348.52200,4332.26300,4340.23800,22720
2025.10.17,10:00,4340.19600,4342.14100,4319.53100,4327.66400,29061
2025.10.17,11:00,4327.62800,4335.96000,4286.63800,4287.11500,50301
2025.10.17,12:00,4287.17800,4320.28500,4283.51600,4314.44700,50316
2025.10.17,13:00,4314.48500,4317.78900,4258.31500,4274.14100,88437
2025.10.17,14:00,4274.09200,4274.64300,4216.82300,4248.88900,118583
2025.10.17,15:00,4248.86100,4259.40400,4230.97100,4237.47800,52469
2025.10.17,16:00,4237.54000,4244.95600,4200.88300,4205.00500,63113
2025.10.17,17:00,4205.03300,4228.40200,4186.17200,4221.19300,58568
2025.10.17,18:00,4221.23600,4244.68700,4218.11800,4235.68700,35105
2025.10.17,19:00,4235.63800,4237.91500,4212.61400,4225.93600,31327
2025.10.17,20:00,4225.89500,4252.70200,4220.10200,4250.93600,21088
2025.10.19,22:05,4264.62900,4268.32500,4245.44400,4254.58800,22849
2025.10.19,23:05,4254.62800,4255.15200,4233.24600,4237.86500,18119
2025.10.20,00:00,4237.83900,4250.77100,4218.93100,4249.45800,34617
2025.10.20,01:00,4249.41300,4268.98300,4229.56900,4262.48000,45466
2025.10.20,02:00,4262.58400,4271.28600,4253.35500,4255.79700,24419
2025.10.20,03:00,4255.82100,4265.37400,4248.74300,4264.72500,18436
2025.10.20,04:00,4264.68100,4268.31200,4260.34900,4266.33800,11507
2025.10.20,05:00,4266.30600,4266.78600,4239.73300,4239.96800,27887
2025.10.20,06:00,4240.00300,4245.72500,4221.41000,4236.32700,35992
2025.10.20,07:00,4236.35900,4260.95400,4234.77800,4255.17300,22730
2025.10.20,08:00,4255.13700,4266.18000,4252.29000,4258.67100,17835
2025.10.20,09:00,4258.70600,4263.72800,4250.32100,4260.74900,15037
2025.10.20,10:00,4260.65500,4260.89500,4245.62100,4254.88500,18297
2025.10.20,11:00,4254.84600,4279.73800,4250.85800,4279.28100,15716
2025.10.20,12:00,4279.24200,4327.16000,4272.72700,4323.59200,42849
2025.10.20,13:00,4323.63800,4325.24100,4299.48200,4300.82500,54194
2025.10.20,14:00,4300.79000,4334.77500,4292.60800,4332.25000,42899
2025.10.20,15:00,4332.29400,4355.78100,4332.29400,4349.21500,30797
2025.10.20,16:00,4349.18000,4350.84000,4342.65500,4347.87200,19852
2025.10.20,17:00,4347.87400,4351.14800,4337.34000,4347.60000,19906
2025.10.20,18:00,4347.65000,4364.61000,4344.53500,4359.42700,17777
2025.10.20,19:00,4359.48900,4381.61700,4359.20200,4378.21100,17696
2025.10.20,20:00,4378.16200,4380.11500,4346.47500,4356.04000,23627
2025.10.20,22:02,4364.55700,4375.48700,4357.54300,4368.62500,18550
2025.10.20,23:02,4368.63800,4371.68500,4356.60200,4360.44200,11952
2025.10.21,00:00,4360.40500,4371.12400,4356.13600,4368.74600,20200
2025.10.21,01:00,4368.85100,4372.29600,4332.89400,4350.78800,36123
2025.10.21,02:00,4350.89900,4355.42200,4335.16300,4338.90500,26809
2025.10.21,03:00,4338.87200,4350.78600,4337.85100,4346.57800,13853
2025.10.21,04:00,4346.53800,4346.99600,4337.17800,4341.94100,10471
2025.10.21,05:00,4341.94600,4344.29700,4317.15100,4323.31500,25549
2025.10.21,06:00,4323.25200,4344.29900,4317.16900,4343.20300,21882
2025.10.21,07:00,4343.22700,4343.22700,4293.36800,4298.44900,42281
2025.10.21,08:00,4298.41100,4301.77800,4244.70000,4273.88200,67228
2025.10.21,09:00,4273.93300,4278.08900,4254.60000,4265.28600,32158
2025.10.21,10:00,4265.34300,4266.50000,4249.26600,4253.76600,27111
2025.10.21,11:00,4253.74000,4272.44400,4245.51300,4253.32500,25168
2025.10.21,12:00,4253.35300,4257.51100,4205.73300,4211.05100,61282
2025.10.21,13:00,4211.10400,4225.43800,4167.54600,4173.68400,93135
2025.10.21,14:00,4173.65600,4188.47500,4080.81700,4138.91200,124757
2025.10.21,15:00,4138.82600,4150.59600,4120.05700,4138.60600,70099
2025.10.21,16:00,4138.64800,4143.86900,4101.42400,4113.47500,52197
2025.10.21,17:00,4113.57900,4120.29900,4093.56200,4111.23000,49297
2025.10.21,18:00,4111.17700,4125.83400,4106.37900,4114.81400,26746
2025.10.21,19:00,4114.88400,4122.20900,4100.37600,4108.95400,29408
2025.10.21,20:00,4108.99400,4130.97600,4106.02400,4125.33700,15661
2025.10.21,22:02,4132.09600,4132.32200,4113.79700,4119.30700,16186
2025.10.21,23:02,4119.33600,4127.88200,4090.12700,4093.14200,18169
2025.10.22,00:00,4093.18200,4094.05200,4004.18500,4075.13200,112620
2025.10.22,01:00,4075.16500,4121.15200,4064.36800,4087.21700,67463
2025.10.22,02:00,4087.26700,4117.86800,4087.26700,4114.95900,27328
2025.10.22,03:00,4114.98500,4143.13600,4107.30900,4128.67400,25105
2025.10.22,04:00,4128.61000,4133.41900,4107.53600,4128.17300,20384
2025.10.22,05:00,4128.21000,4147.03600,4126.42400,4135.12100,23302
2025.10.22,06:00,4135.06800,4161.36000,4127.73100,4155.69100,24263
2025.10.22,07:00,4155.63800,4156.42100,4129.29300,4132.90100,38652
2025.10.22,08:00,4132.86300,4135.88400,4058.47900,4070.63700,74472
2025.10.22,09:00,4070.58800,4101.82800,4061.55300,4069.52200,48943
2025.10.22,10:00,4069.48900,4090.88700,4023.75200,4035.12700,46452
2025.10.22,11:00,4035.24200,4045.10300,4015.04700,4027.77800,57809
2025.10.22,12:00,4027.80500,4053.49500,4023.09000,4033.77700,51707
2025.10.22,13:00,4033.88500,4085.27200,4033.41700,4075.94100,69946
2025.10.22,14:00,4075.90000,4078.44900,4010.98800,4014.96800,66611
2025.10.22,15:00,4014.92900,4047.39800,4014.77500,4037.04300,52388
2025.10.22,16:00,4037.00800,4064.21500,4023.21100,4059.22100,50166
2025.10.22,17:00,4059.18500,4071.16000,4043.94400,4069.95100,41147
2025.10.22,18:00,4070.05500,4081.54500,4066.55700,4076.80400,20333
2025.10.22,19:00,4076.83900,4113.63200,4076.54400,4102.52700,31575
2025.10.22,20:00,4102.43000,4107.29900,4088.43500,4098.34700,15357
2025.10.22,22:02,4106.30200,4116.48700,4092.20200,4103.66000,20158
2025.10.22,23:02,4103.61500,4103.64300,4080.51700,4087.63900,19839
2025.10.23,00:00,4087.61200,4096.86800,4065.98700,4081.99400,33254
2025.10.23,01:00,4082.02000,4092.79200,4071.81000,4073.29700,30898
2025.10.23,02:00,4073.32200,4085.46300,4072.21700,4082.64700,20056
2025.10.23,03:00,4082.69500,4100.72100,4077.71700,4091.17300,16816
2025.10.23,04:00,4091.19500,4093.02500,4079.65600,4089.70200,12123
2025.10.23,05:00,4089.67500,4110.51700,4083.86600,4110.26600,18350
2025.10.23,06:00,4110.22400,4137.71200,4110.08900,4113.60700,39619
2025.10.23,07:00,4113.62800,4121.22800,4091.79700,4094.29200,29930
2025.10.23,08:00,4094.34500,4119.02700,4094.34500,4116.65700,25387
2025.10.23,09:00,4116.56000,4125.44200,4111.16700,4124.37300,19551
2025.10.23,10:00,4124.41700,4125.23800,4101.76500,4108.83300,24806
2025.10.23,11:00,4108.87900,4121.00200,4107.65400,4109.61400,23588
2025.10.23,12:00,4109.58100,4129.40200,4100.14000,4126.97100,26098
2025.10.23,13:00,4126.92600,4151.12900,4125.75900,4144.94600,46472
2025.10.23,14:00,4144.90500,4154.68500,4135.98500,4148.27600,36674
2025.10.23,15:00,4148.25800,4151.81800,4137.13500,4141.84500,24007
2025.10.23,16:00,4141.77200,4148.64300,4125.52300,4133.02200,22108
2025.10.23,17:00,4132.97600,4139.25400,4124.77700,4137.65900,20262
2025.10.23,18:00,4137.66100,4143.46400,4133.14300,4136.11500,13480
2025.10.23,19:00,4136.14200,4138.22500,4116.42600,4118.28900,17582
2025.10.23,20:00,4118.33300,4125.96700,4107.37700,4125.56000,12884
2025.10.23,22:02,4131.88900,4131.92300,4111.36800,4117.42100,11097
2025.10.23,23:02,4117.39500,4122.96800,4105.81200,4121.70300,9612
2025.10.24,00:00,4121.72800,4133.71300,4117.97500,4132.57900,14715
2025.10.24,01:00,4132.61800,4144.27300,4112.12600,4118.83900,26993
2025.10.24,02:00,4118.87000,4119.08700,4109.38400,4109.71900,18749
2025.10.24,03:00,4109.81000,4123.50800,4107.55600,4122.26200,12784
2025.10.24,04:00,4122.22300,4123.29700,4102.81800,4111.72100,14793
2025.10.24,05:00,4111.77400,4117.98100,4102.97300,4104.65000,14176
2025.10.24,06:00,4104.57000,4104.85600,4081.39200,4092.21500,28316
2025.10.24,07:00,4092.14900,4095.99500,4069.54700,4074.36700,24490
2025.10.24,08:00,4074.43200,4077.86200,4047.45300,4065.33700,32271
2025.10.24,09:00,4065.29900,4073.61800,4054.36500,4060.75300,19932
2025.10.24,10:00,4060.72800,4070.90200,4053.48000,4054.70300,15767
2025.10.24,11:00,4054.77900,4065.55800,4043.97800,4061.37100,21588
2025.10.24,12:00,4061.47400,4093.73100,4059.81900,4081.98700,37667
2025.10.24,13:00,4082.02600,4122.32400,4079.08500,4106.68200,61763
2025.10.24,14:00,4106.76700,4135.16500,4102.18600,4117.36400,45438
2025.10.24,15:00,4117.33900,4131.92200,4113.21400,4130.34700,28586
2025.10.24,16:00,4130.44200,4138.62200,4121.68800,4129.16200,22606
2025.10.24,17:00,4129.25100,4134.37300,4105.69800,4107.52800,23817
2025.10.24,18:00,4107.58500,4113.62500,4101.82700,4110.31200,20400
2025.10.24,19:00,4110.27800,4117.40700,4102.20000,4103.99900,15578
2025.10.24,20:00,4104.03600,4114.07800,4096.25400,4113.08200,9779
2025.10.26,22:05,4083.57800,4109.19300,4071.67900,4082.82700,30482
2025.10.26,23:05,4082.86200,4088.24900,4061.91200,4064.45800,19633
2025.10.27,00:00,4064.53100,4084.20200,4058.10900,4081.27100,21185
2025.10.27,01:00,4081.36800,4097.78100,4074.98400,4081.73400,30596
2025.10.27,02:00,4081.78100,4082.08600,4070.10600,4071.58600,18752
2025.10.27,03:00,4071.55800,4081.90900,4065.31900,4069.56200,14256
2025.10.27,04:00,4069.52300,4071.85300,4053.76100,4068.79200,17695
2025.10.27,05:00,4068.76400,4084.53200,4068.57200,4079.55200,14900
2025.10.27,06:00,4079.52200,4084.78200,4073.82900,4078.26600,17436
2025.10.27,07:00,4078.28700,4079.99700,4064.01700,4068.61900,14959
2025.10.27,08:00,4068.58800,4070.53000,4023.40100,4043.30600,28136
2025.10.27,09:00,4043.40800,4050.26000,4030.05300,4039.73700,31072
2025.10.27,10:00,4039.71600,4047.85300,4028.79500,4037.40700,20693
2025.10.27,11:00,4037.45300,4041.37600,4015.39600,4023.92300,28575
2025.10.27,12:00,4023.98100,4046.55300,4022.29300,4045.64900,27664
2025.10.27,13:00,4045.67500,4050.27500,4013.18100,4022.05600,48970
2025.10.27,14:00,4021.97400,4023.38300,3982.87700,3987.92700,68968
2025.10.27,15:00,3988.02600,3993.53200,3971.34800,3989.93000,44391
2025.10.27,16:00,3990.03900,4000.41400,3983.97800,3999.15900,22362
2025.10.27,17:00,3999.25500,4008.88700,3990.77100,4006.51300,21323
2025.10.27,18:00,4006.43500,4010.14700,3997.79300,3999.36900,17931
2025.10.27,19:00,3999.41400,4005.66800,3985.57500,3990.12900,22727
2025.10.27,20:00,3990.17600,4000.30900,3979.10400,3982.54900,13125
2025.10.27,22:02,3986.88400,3996.47600,3983.71400,3988.25700,11007
2025.10.27,23:02,3988.21300,4004.56200,3982.88000,3998.47300,12624
2025.10.28,00:00,3998.37900,4009.73900,3973.04300,4006.74600,19347
2025.10.28,01:00,4006.71200,4019.76700,4004.35500,4011.01000,24335
2025.10.28,02:00,4010.98300,4014.03500,3980.66300,3983.79000,24274
2025.10.28,03:00,3983.75100,3994.37800,3983.08800,3992.90000,13797
2025.10.28,04:00,3992.83800,3994.25500,3963.67700,3973.68000,22003
2025.10.28,05:00,3973.68200,3980.17500,3958.98200,3966.44100,24452
2025.10.28,06:00,3966.50800,3968.62700,3938.40000,3942.66400,25791
2025.10.28,07:00,3942.57500,3948.55400,3921.71000,3932.48800,29138
2025.10.28,08:00,3932.55000,3935.89400,3896.47400,3897.29000,37667
2025.10.28,09:00,3897.31400,3910.99500,3886.54000,3904.71400,32683
2025.10.28,10:00,3904.70200,3930.74100,3899.95100,3926.44700,24929
2025.10.28,11:00,3926.54500,3929.95600,3910.76900,3923.29300,23589
2025.10.28,12:00,3923.32000,3929.91600,3905.48900,3912.89100,24887
2025.10.28,13:00,3912.94600,3940.49000,3912.40600,3938.88100,43061
2025.10.28,14:00,3938.93400,3953.97700,3934.67500,3949.70200,30916
2025.10.28,15:00,3949.67800,3969.61100,3947.11000,3964.79600,23333
2025.10.28,16:00,3964.68500,3965.38300,3951.10100,3958.53100,27646
2025.10.28,17:00,3958.42400,3970.42200,3955.10400,3962.45600,20971
2025.10.28,18:00,3962.42300,3964.09600,3945.14400,3956.63800,18530
2025.10.28,19:00,3956.66300,3962.90900,3950.79700,3960.31200,19007
2025.10.28,20:00,3960.34200,3960.96800,3949.28300,3952.22100,9567
2025.10.28,22:02,3957.34200,3961.22200,3915.88200,3938.80200,24829
2025.10.28,23:02,3938.77500,3967.82500,3937.80600,3964.82400,14266
2025.10.29,00:00,3964.83300,3982.25200,3959.14600,3975.30100,20556
2025.10.29,01:00,3975.25800,3979.70500,3966.13800,3973.79800,24032
2025.10.29,02:00,3973.77500,3974.53700,3944.19900,3961.21400,22160
2025.10.29,03:00,3961.17200,3972.23800,3958.40800,3963.36000,15294
2025.10.29,04:00,3963.37300,3964.92600,3951.13800,3952.02700,14430
2025.10.29,05:00,3952.04400,3966.40100,3950.74900,3962.61800,18052
2025.10.29,06:00,3962.50900,3984.96600,3959.85700,3978.27600,17622
2025.10.29,07:00,3978.32600,4001.59900,3974.96500,4001.54800,20060
2025.10.29,08:00,4001.60400,4018.45400,4000.43600,4016.61700,19227
2025.10.29,09:00,4016.59200,4029.65000,4013.38900,4023.99800,18932
2025.10.29,10:00,4024.06200,4029.70600,4017.18500,4023.36600,17756
2025.10.29,11:00,4023.41500,4028.67800,4013.41900,4016.69300,19533
2025.10.29,12:00,4016.72200,4030.26800,4013.59500,4025.39000,21010
2025.10.29,13:00,4025.35700,4025.47900,4002.46600,4012.25300,32309
2025.10.29,14:00,4012.08900,4022.39100,4007.43400,4008.57400,24246
2025.10.29,15:00,4008.54300,4012.09500,3989.22900,3993.00900,26054
2025.10.29,16:00,3993.05900,4001.02600,3991.38700,3992.86300,15061
2025.10.29,17:00,3992.83200,3997.83600,3985.61400,3994.83500,14738
2025.10.29,18:00,3994.75800,4007.46400,3942.85800,3969.43100,78626
2025.10.29,19:00,3969.38600,3979.80700,3927.91000,3945.55500,54124
2025.10.29,20:00,3945.52800,3954.23100,3927.99000,3928.74500,20102
2025.10.29,22:02,3927.27400,3948.44700,3917.19000,3939.93000,21206
2025.10.29,23:02,3939.93900,3954.05400,3939.93500,3952.84500,12765
2025.10.30,00:00,3952.79800,3964.25400,3937.99100,3950.19000,21236
2025.10.30,01:00,3950.21000,3966.38900,3945.12500,3947.99200,27481
2025.10.30,02:00,3947.93700,3948.24600,3921.62500,3921.95000,25967
2025.10.30,03:00,3921.95300,3938.28800,3915.30400,3937.95500,17493
2025.10.30,04:00,3938.02800,3982.42900,3934.84200,3972.69100,29021
2025.10.30,05:00,3972.66400,3978.44600,3947.11100,3963.75700,28618
2025.10.30,06:00,3963.71600,3977.16400,3956.36000,3976.77300,24745
2025.10.30,07:00,3976.73400,3977.26200,3955.84500,3961.33900,19795
2025.10.30,08:00,3961.48400,3976.79400,3960.16000,3976.35500,18350
2025.10.30,09:00,3976.32600,4011.87800,3976.00100,3998.37100,26653
2025.10.30,10:00,3998.27700,4000.99700,3973.67500,3984.29200,22572
2025.10.30,11:00,3984.29600,3984.98600,3964.00500,3974.38000,21273
2025.10.30,12:00,3974.42200,3985.60300,3961.01200,3961.44600,28857
2025.10.30,13:00,3961.40800,3995.36700,3960.07100,3995.36700,40746
2025.10.30,14:00,3995.39800,4014.83800,3986.72800,3996.41000,48712
2025.10.30,15:00,3996.35900,4008.42300,3988.38500,4001.93800,27026
2025.10.30,16:00,4001.90000,4004.11200,3991.38000,4001.32400,18890
2025.10.30,17:00,4001.36300,4017.89000,3994.38300,4004.79500,16359
2025.10.30,18:00,4004.83900,4017.75700,4000.19600,4016.10400,16085
2025.10.30,19:00,4016.13400,4026.01700,4015.32900,4023.46600,16413
2025.10.30,20:00,4023.43000,4027.45400,4016.37900,4024.64700,9692
2025.10.30,22:02,4023.52200,4046.39800,4016.32200,4033.91800,15125
2025.10.30,23:02,4033.94600,4043.09400,4018.90600,4036.65800,17622
2025.10.31,00:00,4036.63300,4037.12700,4023.79800,4025.09100,16664
2025.10.31,01:00,4025.02100,4039.28900,4012.93000,4018.86800,24953
2025.10.31,02:00,4018.82400,4019.17600,4001.54000,4011.05100,26571
2025.10.31,03:00,4011.11800,4013.93600,3991.09200,3996.42200,21433
2025.10.31,04:00,3996.44800,4010.66600,3989.05400,4005.67800,15080
2025.10.31,05:00,4005.63200,4011.33500,3994.02100,4005.09300,20330
2025.10.31,06:00,4005.12100,4015.10100,4002.05500,4013.04900,19753
2025.10.31,07:00,4013.09700,4025.35200,4007.44600,4021.04100,19131
2025.10.31,08:00,4020.96100,4026.87100,4006.64600,4010.48100,18165
2025.10.31,09:00,4010.44200,4014.32200,3998.79500,4008.55400,16971
2025.10.31,10:00,4008.58500,4016.76500,4003.56600,4007.45800,14221
2025.10.31,11:00,4007.41300,4011.22700,4001.68700,4010.53000,13394
2025.10.31,12:00,4010.46800,4036.18500,4009.07500,4023.05200,20522
2025.10.31,13:00,4023.01300,4035.26500,4010.09000,4016.52200,33793
2025.10.31,14:00,4016.58400,4027.33200,4010.83100,4020.54400,27366
2025.10.31,15:00,4020.58800,4022.81800,4009.40900,4012.71800,26078
2025.10.31,16:00,4012.67200,4015.13600,3972.40600,3980.79300,47334
2025.10.31,17:00,3980.83300,4003.58900,3980.45300,3997.67100,25481
2025.10.31,18:00,3997.70600,4010.14200,3995.48700,4000.02700,15812
2025.10.31,19:00,4000.06400,4005.61600,3991.23500,4001.07100,15907
2025.10.31,20:00,4001.03300,4006.70900,3996.13900,4001.62100,7997
2025.11.02,23:01,3990.71900,3998.94400,3977.94600,3980.12200,17543
2025.11.03,00:00,3980.07900,3987.84300,3962.30600,3970.64400,22223
2025.11.03,01:00,3970.61500,4001.84600,3965.36700,3995.91300,30179
2025.11.03,02:00,3995.81100,4006.55700,3990.34900,4004.00100,18653
2025.11.03,03:00,4004.04200,4015.55700,4002.35700,4011.18600,16295
2025.11.03,04:00,4011.18300,4014.49300,4001.74700,4003.76100,12310
2025.11.03,05:00,4003.76200,4018.66600,3997.68500,4014.05500,14813
2025.11.03,06:00,4014.08200,4018.78300,4010.10500,4017.36900,13701
2025.11.03,07:00,4017.34300,4026.05400,4013.55400,4025.27900,15289
2025.11.03,08:00,4025.37100,4027.84600,4011.22400,4019.75100,18279
2025.11.03,09:00,4019.79100,4025.98200,3992.96800,4000.60500,24053
2025.11.03,10:00,4000.67900,4004.79000,3994.44100,3998.91100,17951
2025.11.03,11:00,3998.93500,4008.63900,3994.25800,4007.56300,14650
2025.11.03,12:00,4007.55600,4013.56800,4001.77400,4013.20600,14238
2025.11.03,13:00,4013.31300,4020.60200,4010.72400,4016.02400,24594
2025.11.03,14:00,4015.92600,4026.09900,4001.75400,4022.64700,27748
2025.11.03,15:00,4022.76100,4030.64600,4003.48600,4008.63500,36545
2025.11.03,16:00,4008.60400,4013.49200,3995.32700,4008.20500,22733
2025.11.03,17:00,4008.26300,4012.05900,4003.53100,4006.13400,13469
2025.11.03,18:00,4006.17800,4009.60000,3999.52700,4006.62000,11768
2025.11.03,19:00,4006.66000,4008.27500,3995.07600,4004.67000,14152
2025.11.03,20:00,4004.71200,4014.93200,4004.71200,4010.36800,9947
2025.11.03,21:00,4010.24800,4010.24800,3999.70300,4000.69600,5336
2025.11.03,23:00,4001.34700,4005.83700,3980.96300,3997.22300,13307
2025.11.04,00:00,3997.30100,3999.26900,3978.12800,3986.34900,18008
2025.11.04,01:00,3986.44900,3994.54100,3979.58200,3987.41100,21024
2025.11.04,02:00,3987.41500,3987.41500,3975.46700,3986.62000,20261
2025.11.04,03:00,3986.66800,3999.33800,3981.60800,3994.56400,14281
2025.11.04,04:00,3994.52500,3995.19700,3983.80500,3985.48000,12247
2025.11.04,05:00,3985.44700,3987.07500,3972.81200,3973.41000,17870
2025.11.04,06:00,3973.36200,3988.00800,3966.77300,3985.05500,20212
2025.11.04,07:00,3985.17400,3996.43800,3982.27700,3993.93900,16366
2025.11.04,08:00,3994.03800,4000.71100,3990.70000,3996.00800,16099
2025.11.04,09:00,3995.97600,3999.42100,3990.32700,3991.22400,14943
2025.11.04,10:00,3991.18400,3997.52300,3985.89100,3993.92700,14439
2025.11.04,11:00,3993.95200,4000.20900,3991.55800,3995.17900,9818
2025.11.04,12:00,3995.22000,3997.57600,3983.43700,3984.60600,13078
2025.11.04,13:00,3984.58200,3996.04500,3971.84800,3975.69600,23040
2025.11.04,14:00,3975.73200,3977.73500,3928.81000,3956.95700,45084
2025.11.04,15:00,3956.95800,3968.05500,3941.11700,3956.79600,28258
2025.11.04,16:00,3956.87500,3975.77800,3956.72900,3968.91100,20299
2025.11.04,17:00,3969.03100,3971.00200,3952.44900,3955.01400,18278
2025.11.04,18:00,3954.98600,3956.83800,3932.10200,3937.84700,22762
2025.11.04,19:00,3937.88200,3944.10400,3934.66500,3937.45000,17253
2025.11.04,20:00,3937.48200,3942.07300,3931.38700,3938.52800,15987
2025.11.04,21:00,3938.46300,3938.58200,3930.39800,3932.13900,6005
2025.11.04,23:00,3932.05400,3940.55500,3930.91100,3934.76700,9912
2025.11.05,00:00,3934.79300,3943.05400,3929.59800,3939.87400,17051
2025.11.05,01:00,3939.90800,3949.45300,3934.41200,3937.05000,21909
2025.11.05,02:00,3937.00900,3950.98100,3935.45000,3948.48400,15600
2025.11.05,03:00,3948.49100,3965.38500,3947.44900,3960.80200,11431
2025.11.05,04:00,3960.84100,3973.68000,3959.73900,3970.26100,9814
2025.11.05,05:00,3970.32100,3978.55600,3961.87300,3964.93300,13286
2025.11.05,06:00,3964.96500,3973.59100,3961.81800,3966.19100,14455
2025.11.05,07:00,3966.22900,3974.80700,3963.62700,3972.70100,11739
2025.11.05,08:00,3972.73400,3987.09100,3972.73400,3979.85200,15172
2025.11.05,09:00,3979.81500,3981.30200,3963.51900,3971.83500,12693
2025.11.05,10:00,3971.78700,3971.78700,3955.99100,3964.45600,13864
2025.11.05,11:00,3964.48100,3968.88300,3957.43700,3966.87900,10037
2025.11.05,12:00,3966.82300,3969.91000,3962.25600,3969.51300,9450
2025.11.05,13:00,3969.61900,3979.53300,3964.64000,3975.83200,18439
2025.11.05,14:00,3975.92200,3985.56200,3969.51300,3973.33300,24886
2025.11.05,15:00,3973.10200,3984.50200,3963.98000,3978.27100,24839
2025.11.05,16:00,3978.34300,3990.54300,3974.81700,3986.86400,16375
2025.11.05,17:00,3986.82400,3989.65900,3978.56500,3981.94800,11271
2025.11.05,18:00,3981.99100,3986.01800,3978.81500,3982.45900,8677
2025.11.05,19:00,3982.47500,3988.88400,3979.21700,3987.87000,7480
2025.11.05,20:00,3987.90100,3990.24300,3981.46600,3983.78000,7900
2025.11.05,21:00,3983.77400,3984.94100,3977.88900,3979.10100,4370
2025.11.05,23:00,3976.05200,3980.09800,3966.71400,3973.67100,11717
2025.11.06,00:00,3973.63000,3976.12900,3969.48300,3976.12900,9599
2025.11.06,01:00,3976.22500,3977.37600,3964.54300,3976.62300,15266
2025.11.06,02:00,3976.65500,3985.25900,3974.24200,3983.32500,10998
2025.11.06,03:00,3983.35400,3990.43900,3979.55200,3987.55600,8868
2025.11.06,04:00,3987.54700,3989.86000,3984.52200,3988.74800,6175
2025.11.06,05:00,3988.70900,3990.92500,3985.62800,3988.08200,9069
2025.11.06,06:00,3988.10700,3992.93000,3982.17700,3991.50800,10685
2025.11.06,07:00,3991.44300,4009.64500,3991.08700,4005.87100,13486
2025.11.06,08:00,4005.85200,4016.81800,4004.70800,4014.80100,12187
2025.11.06,09:00,4014.83200,4015.19100,4009.31700,4011.03100,9588
2025.11.06,10:00,4011.07700,4011.21600,4004.24800,4008.36300,8496
2025.11.06,11:00,4008.31800,4019.60900,4006.90100,4018.18200,9168
2025.11.06,12:00,4018.04400,4019.50600,4002.89900,4005.26900,9746
2025.11.06,13:00,4005.30800,4016.11800,4003.50600,4012.14000,13983
2025.11.06,14:00,4012.14800,4013.79400,3988.89000,3993.31200,28560
2025.11.06,15:00,3993.08300,3993.75300,3975.19700,3980.26400,32853
2025.11.06,16:00,3980.31500,3986.27000,3976.47800,3980.91600,20823
2025.11.06,17:00,3980.95000,3988.17800,3965.74200,3986.25100,21816
2025.11.06,18:00,3986.25800,3991.07400,3980.21400,3987.76900,13094
2025.11.06,19:00,3987.81700,3995.27800,3983.09100,3985.39500,10170
2025.11.06,20:00,3985.35000,3987.27700,3979.43500,3980.70900,14466
2025.11.06,21:00,3980.79900,3982.40700,3976.54500,3977.03200,6929
2025.11.06,23:00,3977.34700,3989.71900,3974.35400,3989.17700,6305
2025.11.07,00:00,3989.21800,3994.48500,3984.49300,3988.63500,7751
2025.11.07,01:00,3988.57800,4002.77600,3987.09900,4001.74600,12345
2025.11.07,02:00,4001.84500,4003.40200,3991.43300,3995.39700,10047
2025.11.07,03:00,3995.33800,3996.56800,3988.25300,3990.44500,8333
2025.11.07,04:00,3990.41300,3998.63500,3985.36300,3998.45100,8006
2025.11.07,05:00,3998.48600,3998.87100,3991.92500,3995.17500,9580
2025.11.07,06:00,3995.13000,4008.47200,3992.45200,4006.68500,10466
2025.11.07,07:00,4006.73500,4010.01600,4002.89300,4007.77200,9978
2025.11.07,08:00,4007.83600,4010.32300,4003.59700,4009.68300,9238
2025.11.07,09:00,4009.72100,4014.19500,4004.08000,4006.54800,9548
2025.11.07,10:00,4006.59500,4009.41000,4002.92800,4007.84900,9510
2025.11.07,11:00,4007.85200,4012.15600,3993.69000,4002.86100,14086
2025.11.07,12:00,4002.93500,4008.48200,3991.46900,3995.82900,13424
2025.11.07,13:00,3995.86800,4002.03000,3991.73500,3997.69900,15917
2025.11.07,14:00,3997.65300,4007.44600,3984.44700,3993.33600,26713
2025.11.07,15:00,3993.33300,3999.27500,3984.05800,3990.95200,22942
2025.11.07,16:00,3990.98900,4027.62800,3989.91500,4007.85900,25771
2025.11.07,17:00,4007.88500,4009.96900,3992.21800,4005.37100,26664
2025.11.07,18:00,4005.47000,4009.16900,3999.75400,4005.56400,14057
2025.11.07,19:00,4005.59400,4009.02700,4001.72100,4006.83800,11746
2025.11.07,20:00,4006.81100,4007.18900,3994.33700,4004.01500,17967
2025.11.07,21:00,4003.98600,4005.12500,3998.49100,4001.42200,4585
2025.11.09,23:01,4004.87600,4012.26500,4004.04200,4011.86000,11863
2025.11.10,00:00,4011.87000,4023.80900,4011.13200,4020.38200,11662
2025.11.10,01:00,4020.30600,4053.25600,4019.10200,4043.98200,28100
2025.11.10,02:00,4043.95000,4048.98300,4037.71700,4048.21200,16062
2025.11.10,03:00,4048.13400,4052.95400,4044.96500,4050.18700,8345
2025.11.10,04:00,4050.14800,4056.83600,4049.94700,4054.14400,8345
2025.11.10,05:00,4054.20800,4069.83900,4050.07400,4069.25100,11478
2025.11.10,06:00,4069.30100,4078.67100,4067.00800,4075.09500,13718
2025.11.10,07:00,4075.04000,4079.16500,4072.04300,4075.20800,11305
2025.11.10,08:00,4075.24300,4085.18600,4074.74900,4082.19600,14856
2025.11.10,09:00,4082.23800,4086.23800,4071.59500,4076.62500,13239
2025.11.10,10:00,4076.67000,4083.51400,4075.95800,4080.83000,9318
2025.11.10,11:00,4080.90500,4085.49700,4075.78900,4085.29300,8999
2025.11.10,12:00,4085.33500,4099.98900,4084.18200,4097.69000,13776
2025.11.10,13:00,4097.65100,4105.88600,4090.31000,4091.59700,24813
2025.11.10,14:00,4091.63400,4094.14600,4074.40500,4083.45500,30335
2025.11.10,15:00,4083.40800,4094.34400,4077.97100,4084.55500,24255
2025.11.10,16:00,4084.50900,4095.76800,4081.92100,4094.86300,14480
2025.11.10,17:00,4094.90600,4102.64300,4093.32800,4102.49200,10939
2025.11.10,18:00,4102.43900,4115.83400,4101.49000,4110.22600,12710
2025.11.10,19:00,4110.25300,4115.66000,4107.87800,4113.17100,9575
2025.11.10,20:00,4113.10200,4114.51900,4106.64400,4111.66200,10953
2025.11.10,21:00,4111.76500,4116.65900,4110.53500,4115.69100,4508
2025.11.10,23:00,4115.42000,4122.66500,4114.90100,4119.95500,8132
2025.11.11,00:00,4119.99200,4133.71600,4116.19500,4130.93100,10690
2025.11.11,01:00,4130.97900,4141.13400,4128.01000,4136.26100,20119
2025.11.11,02:00,4136.22500,4139.55000,4129.58900,4138.00200,14161
2025.11.11,03:00,4137.96000,4148.11300,4136.99600,4146.84000,10092
2025.11.11,04:00,4146.79600,4148.86200,4141.93100,4143.05200,7463
2025.11.11,05:00,4143.16900,4144.50600,4124.54200,4131.02600,16316
2025.11.11,06:00,4130.99500,4137.88000,4126.82700,4129.99800,13244
2025.11.11,07:00,4129.94000,4133.26100,4124.86300,4129.67100,11168
2025.11.11,08:00,4129.55600,4137.71200,4128.80500,4135.67800,13011
2025.11.11,09:00,4135.70300,4146.00100,4134.39000,4141.89100,8953
2025.11.11,10:00,4141.88300,4144.28000,4136.83500,4141.88400,9202
2025.11.11,11:00,4141.91900,4144.54700,4139.08600,4142.78800,8750
2025.11.11,12:00,4142.82900,4143.94300,4133.20600,4134.33400,10576
2025.11.11,13:00,4134.37500,4146.64500,4133.85900,4142.46100,13737
2025.11.11,14:00,4142.47500,4143.26300,4120.00200,4125.03600,28065
2025.11.11,15:00,4125.01000,4126.36300,4097.10700,4106.67100,32912
2025.11.11,16:00,4106.62100,4115.67600,4105.04600,4113.24500,16178
2025.11.11,17:00,4113.19700,4117.76900,4110.63800,4114.31500,11434
2025.11.11,18:00,4114.34900,4116.33800,4106.71200,4114.02500,12395
2025.11.11,19:00,4113.90700,4126.17500,4112.01900,4123.01000,9048
2025.11.11,20:00,4123.06200,4131.94300,4122.36600,4129.52400,10762
2025.11.11,21:00,4129.49100,4131.31800,4125.63200,4126.54600,5295
2025.11.11,23:00,4127.60000,4144.67700,4127.33000,4142.63900,10934
2025.11.12,00:00,4142.62800,4145.52100,4132.10100,4132.95000,11937
2025.11.12,01:00,4132.99600,4137.30200,4126.35400,4131.60100,19751
2025.11.12,02:00,4131.63600,4135.44200,4118.83600,4124.00600,13775
2025.11.12,03:00,4123.99200,4125.38100,4111.79000,4111.97200,11562
2025.11.12,04:00,4111.89500,4113.17600,4103.64300,4110.51600,12781
2025.11.12,05:00,4110.55400,4111.02400,4098.90200,4104.68100,14184
2025.11.12,06:00,4104.71400,4119.05600,4103.20100,4118.43000,14400
2025.11.12,07:00,4118.31900,4125.31800,4113.30500,4116.96300,12878
2025.11.12,08:00,4117.00400,4132.90900,4112.13100,4131.20200,15217
2025.11.12,09:00,4131.17400,4133.57300,4120.58400,4124.66900,13629
2025.11.12,10:00,4124.69300,4129.19000,4118.09700,4127.81500,13655
2025.11.12,11:00,4127.84100,4131.09000,4123.02500,4126.12100,11221
2025.11.12,12:00,4126.09600,4139.53700,4124.88300,4130.20900,14715
2025.11.12,13:00,4130.25000,4132.66900,4122.80200,4126.99400,20794
2025.11.12,14:00,4126.97200,4140.08800,4125.06000,4136.76300,27670
2025.11.12,15:00,4136.64700,4185.70400,4134.55200,4181.42400,39810
2025.11.12,16:00,4181.38100,4197.84200,4180.07000,4196.32200,30932
2025.11.12,17:00,4196.36700,4206.56100,4192.24700,4199.37400,25148
2025.11.12,18:00,4199.41000,4211.75100,4190.84100,4206.89900,21433
2025.11.12,19:00,4206.92700,4210.05800,4192.20900,4197.44000,18294
2025.11.12,20:00,4197.39900,4199.81000,4190.69500,4195.86300,15283
2025.11.12,21:00,4195.93300,4202.22800,4191.09800,4194.48600,7122
2025.11.12,23:00,4203.50300,4208.17500,4187.21600,4191.09700,13338
2025.11.13,00:00,4191.05500,4209.00200,4185.80900,4205.91800,16747
2025.11.13,01:00,4205.87400,4209.38000,4179.92500,4192.33600,26568
2025.11.13,02:00,4192.23000,4195.82000,4183.52200,4190.07300,20804
2025.11.13,03:00,4190.12300,4213.46000,4190.08700,4213.12500,16881
2025.11.13,04:00,4213.09400,4219.60700,4203.31600,4209.31400,13948
2025.11.13,05:00,4209.27800,4217.71800,4207.30000,4211.97400,18721
2025.11.13,06:00,4211.89100,4212.24100,4203.28600,4210.33700,15751
2025.11.13,07:00,4210.38300,4220.15000,4208.44500,4219.94200,13167
2025.11.13,08:00,4219.89600,4239.51500,4218.87400,4232.88100,18986
2025.11.13,09:00,4232.84200,4239.45400,4224.99300,4233.17900,15208
2025.11.13,10:00,4233.16300,4240.26100,4221.77300,4225.37300,14015
2025.11.13,11:00,4225.42400,4232.33200,4219.38000,4230.50300,14325
2025.11.13,12:00,4230.53300,4245.33200,4230.08900,4242.52300,11906
2025.11.13,13:00,4242.58100,4243.95600,4220.17400,4231.84100,29614
2025.11.13,14:00,4231.94000,4232.45700,4184.50700,4195.36300,50414
2025.11.13,15:00,4195.33700,4205.02900,4186.66300,4202.48500,36904
2025.11.13,16:00,4202.50900,4211.04300,4195.73500,4206.57300,27540
2025.11.13,17:00,4206.82500,4208.28700,4193.20900,4201.89900,22647
2025.11.13,18:00,4201.93100,4203.31500,4145.37700,4157.92600,46413
2025.11.13,19:00,4157.89800,4170.59300,4145.83800,4163.83400,27452
2025.11.13,20:00,4163.87200,4170.60900,4160.28300,4163.97200,21212
2025.11.13,21:00,4163.99800,4181.37100,4161.12200,4171.53400,9966
2025.11.13,23:00,4170.27000,4186.69700,4170.19700,4185.94100,12471
2025.11.14,00:00,4186.02300,4190.02300,4178.20700,4183.79300,13451
2025.11.14,01:00,4183.75900,4193.85000,4173.68800,4190.08100,23903
2025.11.14,02:00,4190.19800,4210.25300,4188.53500,4207.17800,17711
2025.11.14,03:00,4207.12400,4211.57100,4201.38500,4204.43500,12078
2025.11.14,04:00,4204.40000,4205.83600,4196.95000,4203.29800,10848
2025.11.14,05:00,4203.23300,4203.69600,4184.12200,4189.92900,20063
2025.11.14,06:00,4189.87000,4193.19300,4169.24200,4175.28400,21181
2025.11.14,07:00,4175.23300,4182.38200,4158.83600,4181.00800,20587
2025.11.14,08:00,4180.90700,4186.97700,4169.83700,4175.98700,21607
2025.11.14,09:00,4175.94200,4180.40400,4166.48800,4169.22700,17293
2025.11.14,10:00,4169.35700,4171.03800,4159.37300,4167.82600,15294
2025.11.14,11:00,4167.85900,4169.90700,4130.77700,4132.85800,28475
2025.11.14,12:00,4132.81500,4140.50100,4107.23300,4116.16100,40455
2025.11.14,13:00,4116.12000,4118.82300,4041.06200,4055.75200,65777
2025.11.14,14:00,4055.70800,4083.94100,4032.19400,4082.73100,60646
2025.11.14,15:00,4082.68400,4096.47800,4068.28200,4093.47400,47134
2025.11.14,16:00,4093.55400,4111.21200,4080.83300,4105.07600,30682
2025.11.14,17:00,4105.16800,4110.60900,4093.95200,4099.87900,26801
2025.11.14,18:00,4099.93100,4103.70800,4080.78900,4098.05700,27760
2025.11.14,19:00,4098.03600,4100.04200,4087.73000,4089.97200,18477
2025.11.14,20:00,4090.02900,4092.33900,4075.31800,4087.14100,20891
2025.11.14,21:00,4087.12000,4087.12000,4077.63000,4084.62000,9594
2025.11.16,23:01,4083.75500,4106.77300,4071.87500,4096.46100,22952
2025.11.17,00:00,4096.52800,4098.29500,4080.46700,4083.07300,20806
2025.11.17,01:00,4083.10700,4102.10200,4082.44200,4091.20200,27590
2025.11.17,02:00,4091.15900,4093.77600,4080.73100,4081.70200,23084
2025.11.17,03:00,4081.67700,4085.77000,4070.04800,4082.99300,22899
2025.11.17,04:00,4082.92400,4087.97400,4076.83500,4078.60300,10813
2025.11.17,05:00,4078.64300,4078.75900,4049.67300,4058.25400,23496
2025.11.17,06:00,4058.21800,4071.87800,4054.55800,4066.08400,18997
2025.11.17,07:00,4066.00100,4089.24200,4065.13500,4088.15900,13428
2025.11.17,08:00,4088.13000,4095.98700,4072.07900,4077.40600,19577
2025.11.17,09:00,4077.41200,4088.84400,4072.24000,4082.15900,16011
2025.11.17,10:00,4082.12000,4089.51700,4068.26700,4070.22700,17661
2025.11.17,11:00,4070.29600,4086.05400,4061.02600,4078.49300,19273
2025.11.17,12:00,4078.37700,4085.24100,4074.67100,4077.14900,13582
2025.11.17,13:00,4077.11900,4092.25100,4060.66000,4065.38300,25829
2025.11.17,14:00,4065.27200,4082.00700,4060.63300,4076.21300,31680
2025.11.17,15:00,4076.32600,4077.74200,4060.75800,4064.17200,31249
2025.11.17,16:00,4064.14500,4073.70000,4052.14200,4070.03900,24662
2025.11.17,17:00,4070.07400,4081.10900,4069.70500,4073.42300,16944
2025.11.17,18:00,4073.37700,4076.27600,4062.22000,4062.61700,17091
2025.11.17,19:00,4062.59200,4065.05500,4010.80800,4011.22900,41920
2025.11.17,20:00,4011.25800,4043.96900,4006.82700,4040.94500,31820
2025.11.17,21:00,4040.84400,4046.28100,4038.69900,4045.78900,7369
2025.11.17,23:00,4049.91900,4055.59400,4028.59700,4036.82500,20058
2025.11.18,00:00,4036.86200,4041.13300,4027.31500,4040.14500,21520
2025.11.18,01:00,4040.16700,4045.05200,4022.30200,4025.00500,24402
2025.11.18,02:00,4024.96000,4035.95500,4015.29700,4017.67100,19861
2025.11.18,03:00,4017.66300,4026.25200,4008.20200,4013.28500,20017
2025.11.18,04:00,4013.31600,4018.18100,4004.87800,4010.47200,19050
2025.11.18,05:00,4010.44200,4025.22700,4008.10600,4018.92500,17208
2025.11.18,06:00,4018.96900,4020.50000,4007.56700,4009.04300,17792
2025.11.18,07:00,4009.00400,4017.57500,3998.03700,4013.67400,19241
2025.11.18,08:00,4013.64800,4042.77300,4010.54000,4036.74500,22548
2025.11.18,09:00,4036.72200,4047.21000,4030.14200,4040.26400,17576
2025.11.18,10:00,4040.19400,4050.43400,4037.45300,4044.14800,16993
2025.11.18,11:00,4044.19400,4050.29700,4036.92900,4039.33400,12096
2025.11.18,12:00,4039.30300,4044.96900,4029.08900,4032.35600,18381
2025.11.18,13:00,4032.33000,4070.33000,4031.04400,4065.12900,29966
2025.11.18,14:00,4065.22000,4082.04200,4057.97700,4065.78200,37998
2025.11.18,15:00,4065.74700,4072.31400,4048.79800,4052.93800,45443
2025.11.18,16:00,4053.00100,4069.28500,4040.40200,4066.86500,31960
2025.11.18,17:00,4066.83500,4075.79600,4059.21200,4071.52100,20286
2025.11.18,18:00,4071.56500,4074.77400,4063.11400,4072.65200,16883
2025.11.18,19:00,4072.67900,4082.06000,4072.57200,4081.08900,15914
2025.11.18,20:00,4081.13400,4082.27300,4067.19000,4069.51500,16479
2025.11.18,21:00,4069.46900,4072.37900,4064.81000,4067.23300,5993
2025.11.18,23:00,4067.81400,4077.87800,4066.01700,4076.69200,9432
2025.11.19,00:00,4076.80600,4078.48800,4067.67500,4069.46700,13156
2025.11.19,01:00,4069.40100,4070.38100,4056.33800,4059.14500,19769
2025.11.19,02:00,4059.20300,4080.65900,4055.66300,4075.54800,18151
2025.11.19,03:00,4075.52000,4078.67500,4066.09800,4066.98900,14053
2025.11.19,04:00,4066.95500,4076.96100,4064.40600,4075.20600,10521
2025.11.19,05:00,4075.29000,4097.59000,4074.19500,4095.47200,17962
2025.11.19,06:00,4095.50800,4098.60200,4089.21900,4091.11300,15167
2025.11.19,07:00,4090.98200,4096.96300,4084.85700,4087.04600,11729
2025.11.19,08:00,4087.00300,4088.76600,4078.21200,4083.27500,16109
2025.11.19,09:00,4083.25400,4116.43900,4081.13400,4113.32100,20781
2025.11.19,10:00,4113.36400,4119.17300,4107.08400,4108.90600,20108
2025.11.19,11:00,4108.93000,4117.59200,4106.48800,4112.90000,13916
2025.11.19,12:00,4112.81800,4120.01000,4112.17500,4114.49200,12949
2025.11.19,13:00,4114.56700,4117.83300,4100.78800,4110.36600,27050
2025.11.19,14:00,4110.42000,4128.97100,4101.84600,4127.79300,30663
2025.11.19,15:00,4127.74800,4132.68600,4090.08400,4094.89200,39853
2025.11.19,16:00,4094.84700,4098.64600,4067.57400,4074.77000,48481
2025.11.19,17:00,4074.73100,4081.24500,4055.57200,4078.81600,42334
2025.11.19,18:00,4078.85600,4091.24100,4075.73500,4087.02900,27465
2025.11.19,19:00,4087.08400,4087.20900,4068.95500,4073.65100,28326
2025.11.19,20:00,4073.63000,4082.09500,4072.19400,4076.20000,17691
2025.11.19,21:00,4076.16500,4084.73900,4065.60300,4077.89000,11800
2025.11.19,23:00,4080.00600,4108.23900,4079.88600,4104.66200,16583
2025.11.20,00:00,4104.69200,4110.34100,4100.40800,4103.10300,15661
2025.11.20,01:00,4103.05100,4109.22100,4080.95200,4081.38800,24998
2025.11.20,02:00,4081.34300,4081.73400,4039.86500,4067.01800,35568
2025.11.20,03:00,4066.98500,4085.75700,4064.85200,4072.46600,21313
2025.11.20,04:00,4072.42700,4080.56700,4068.36700,4076.38100,10682
2025.11.20,05:00,4076.37600,4076.37600,4064.53200,4066.77700,17458
2025.11.20,06:00,4066.73300,4077.68200,4058.67300,4068.42200,21014
2025.11.20,07:00,4068.39700,4076.67100,4054.04800,4059.97400,19865
2025.11.20,08:00,4059.90100,4069.44400,4038.68600,4063.61600,32052
2025.11.20,09:00,4063.57200,4072.77900,4055.63200,4064.23100,23527
2025.11.20,10:00,4064.28200,4068.23400,4058.09400,4060.08900,14973
2025.11.20,11:00,4060.06500,4068.42000,4051.24600,4060.80400,15137
2025.11.20,12:00,4060.77600,4082.06600,4060.08400,4081.81000,17769
2025.11.20,13:00,4081.76100,4096.50500,4067.11700,4080.13800,44799
2025.11.20,14:00,4080.11400,4107.17100,4072.01200,4093.35400,46740
2025.11.20,15:00,4093.26500,4098.81700,4070.15600,4070.31300,37604
2025.11.20,16:00,4070.27100,4082.70600,4044.80000,4048.94500,49489
2025.11.20,17:00,4048.91700,4068.45600,4043.67400,4066.08700,51277
2025.11.20,18:00,4066.04000,4072.63000,4056.20100,4060.65600,31849
2025.11.20,19:00,4060.60800,4087.31200,4058.93700,4084.65200,27485
2025.11.20,20:00,4084.61500,4085.08100,4073.28000,4077.09100,20791
2025.11.20,21:00,4077.14100,4081.01500,4074.25900,4077.13400,6687
2025.11.20,23:00,4076.39100,4088.81700,4072.92400,4079.19400,15548
2025.11.21,00:00,4079.24600,4081.45300,4071.57300,4073.75900,13971
2025.11.21,01:00,4073.73100,4074.46000,4060.51600,4068.52400,23700
2025.11.21,02:00,4068.47000,4079.97800,4056.67500,4057.38300,18302
2025.11.21,03:00,4057.33200,4059.34400,4049.39600,4056.16000,18865
2025.11.21,04:00,4056.12900,4062.48200,4047.77900,4052.05500,13364
2025.11.21,05:00,4052.03700,4059.74400,4039.84800,4058.47100,20459
2025.11.21,06:00,4058.51000,4064.84500,4029.33300,4032.88200,27301
2025.11.21,07:00,4032.84700,4039.83600,4024.81000,4031.70500,21600
2025.11.21,08:00,4031.74200,4048.19900,4022.25800,4041.00900,26105
2025.11.21,09:00,4040.98100,4063.62100,4040.21400,4050.57800,21639
2025.11.21,10:00,4050.52500,4052.78100,4032.39600,4037.15600,28200
2025.11.21,11:00,4037.19000,4046.88800,4030.92300,4036.58800,19036
2025.11.21,12:00,4036.55300,4071.84600,4034.75800,4065.86800,35812
2025.11.21,13:00,4065.90800,4081.25800,4059.16400,4079.53400,30771
2025.11.21,14:00,4079.48800,4083.96800,4061.53700,4071.67600,41361
2025.11.21,15:00,4071.62000,4076.91000,4054.96900,4069.73900,43569
2025.11.21,16:00,4069.72300,4100.64600,4062.91000,4099.85800,36747
2025.11.21,17:00,4099.82300,4101.28600,4078.98900,4085.41400,28563
2025.11.21,18:00,4085.45700,4088.31200,4076.38600,4082.92100,23754
2025.11.21,19:00,4082.95800,4092.19100,4082.71000,4087.62100,15362
2025.11.21,20:00,4087.64500,4088.77600,4055.14100,4067.20300,29524
2025.11.21,21:00,4067.17700,4069.33700,4054.50800,4066.11300,10257
2025.11.23,23:01,4072.46900,4077.69500,4065.81500,4075.11700,14661
2025.11.24,00:00,4075.14800,4076.14400,4058.28600,4067.52400,12417
2025.11.24,01:00,4067.56400,4073.27800,4042.64800,4044.16200,26122
2025.11.24,02:00,4044.19200,4051.61100,4040.58200,4043.56500,15503
2025.11.24,03:00,4043.63800,4058.17700,4043.63800,4050.51000,13629
2025.11.24,04:00,4050.54000,4061.17800,4042.23500,4044.06100,14258
2025.11.24,05:00,4044.10400,4049.54500,4039.84200,4046.42200,15257
2025.11.24,06:00,4046.30100,4058.14000,4045.32100,4053.41800,16314
2025.11.24,07:00,4053.40800,4067.63900,4051.42800,4059.90000,17219
2025.11.24,08:00,4059.85800,4067.01300,4059.57000,4063.40100,14137
2025.11.24,09:00,4063.37700,4074.23000,4063.08100,4071.89700,15975
2025.11.24,10:00,4071.85500,4077.22700,4063.42100,4064.00800,13706
2025.11.24,11:00,4064.01400,4071.68900,4063.12100,4069.96800,10423
2025.11.24,12:00,4069.86000,4084.03600,4065.66500,4080.50800,13600
2025.11.24,13:00,4080.54300,4086.04300,4073.66000,4077.68500,19000
2025.11.24,14:00,4077.66400,4086.12000,4068.33900,4081.37700,27694
2025.11.24,15:00,4081.34300,4093.90200,4081.11700,4091.74100,25873
2025.11.24,16:00,4091.79100,4098.95200,4089.73200,4097.12700,16672
2025.11.24,17:00,4097.17100,4100.40800,4088.83000,4092.90000,14141
2025.11.24,18:00,4092.93600,4125.78100,4088.03400,4120.45600,20431
2025.11.24,19:00,4120.48800,4124.17600,4113.94100,4118.50800,15248
2025.11.24,20:00,4118.53100,4133.38200,4117.94200,4132.62000,13423
2025.11.24,21:00,4132.60900,4140.07400,4130.12900,4134.16900,6083
2025.11.24,23:00,4134.31100,4144.41100,4125.13800,4143.71900,19129
2025.11.25,00:00,4143.67700,4144.58100,4127.61200,4129.52000,19477
2025.11.25,01:00,4129.56100,4139.19900,4122.52400,4134.80900,27502
2025.11.25,02:00,4134.75400,4155.82000,4132.73300,4151.03600,20495
2025.11.25,03:00,4150.95900,4151.03000,4139.56000,4143.05200,16739
2025.11.25,04:00,4143.02600,4148.41700,4139.45300,4140.80700,11382
2025.11.25,05:00,4140.82400,4152.03600,4140.82400,4150.88800,12383
2025.11.25,06:00,4150.92100,4152.06300,4138.55800,4141.60500,18047
2025.11.25,07:00,4141.57100,4146.08500,4130.27700,4132.58900,16636
2025.11.25,08:00,4132.65600,4139.52200,4109.15600,4116.04300,20409
2025.11.25,09:00,4116.14200,4131.43100,4113.81400,4128.44800,18653
2025.11.25,10:00,4128.42100,4138.88200,4127.46100,4131.26700,13845
2025.11.25,11:00,4131.18500,4137.37800,4127.73700,4133.45600,12576
2025.11.25,12:00,4133.52200,4138.79900,4115.96400,4129.87100,21468
2025.11.25,13:00,4129.90600,4150.84400,4129.39200,4147.70100,23329
2025.11.25,14:00,4147.72200,4148.75500,4111.03400,4125.25400,37236
2025.11.25,15:00,4125.30500,4133.79600,4117.93600,4123.13000,26082
2025.11.25,16:00,4123.09200,4141.38900,4122.15200,4136.27800,18274
2025.11.25,17:00,4136.26700,4159.49800,4135.94700,4146.10300,30983
2025.11.25,18:00,4146.13600,4150.92400,4132.53900,4134.31800,18655
2025.11.25,19:00,4134.36000,4140.37200,4128.45600,4133.76100,16146
2025.11.25,20:00,4133.79700,4138.43100,4130.49800,4132.30300,13761
2025.11.25,21:00,4132.25700,4132.49100,4127.67300,4130.76800,6678
2025.11.25,23:00,4132.69500,4137.07400,4129.77800,4133.73000,7228
2025.11.26,00:00,4133.80500,4144.36100,4132.59500,4142.82300,10653
2025.11.26,01:00,4142.86700,4152.91400,4138.50700,4148.54100,16474
2025.11.26,02:00,4148.49400,4166.77000,4147.30300,4161.69400,19321
2025.11.26,03:00,4161.74000,4169.42100,4160.27000,4166.12100,11311
2025.11.26,04:00,4166.08700,4167.08100,4156.50500,4161.94200,10041
2025.11.26,05:00,4161.99000,4168.66000,4160.09600,4162.24500,12469
2025.11.26,06:00,4162.22500,4162.88700,4146.59800,4150.12000,15274
2025.11.26,07:00,4150.16000,4161.47700,4149.23500,4157.30900,12295
2025.11.26,08:00,4157.36900,4168.59600,4154.69600,4161.10700,16577
2025.11.26,09:00,4161.11500,4164.60700,4156.66500,4162.74100,12234
2025.11.26,10:00,4162.77500,4165.18300,4156.16400,4159.88900,12984
2025.11.26,11:00,4159.93000,4173.16100,4157.76300,4171.55600,12539
2025.11.26,12:00,4171.57700,4173.59500,4148.81200,4155.23500,20755
2025.11.26,13:00,4155.28600,4166.61800,4149.08100,4153.21000,22436
2025.11.26,14:00,4153.25300,4156.96400,4139.82400,4142.21400,31139
2025.11.26,15:00,4142.18500,4165.81000,4136.50800,4165.24600,26445
2025.11.26,16:00,4165.28600,4168.45200,4160.69000,4167.00500,17403
2025.11.26,17:00,4167.03700,4169.82100,4165.09100,4167.11200,11751
2025.11.26,18:00,4167.15500,4171.78000,4157.95100,4164.61200,16910
2025.11.26,19:00,4164.65600,4169.91900,4162.37100,4163.25400,10416
2025.11.26,20:00,4163.28300,4167.49600,4161.32400,4164.00600,11395
2025.11.26,21:00,4164.04500,4167.57900,4162.24200,4163.97100,5502
2025.11.26,23:00,4164.68200,4168.94400,4162.54700,4164.96500,7043
2025.11.27,00:00,4164.92200,4167.31300,4161.93500,4164.59000,6875
2025.11.27,01:00,4164.56900,4165.41200,4148.72600,4154.27400,19724
2025.11.27,02:00,4154.30800,4156.21500,4144.53800,4145.40700,13843
2025.11.27,03:00,4145.50600,4150.61400,4144.14500,4147.46400,9982
2025.11.27,04:00,4147.42000,4154.60000,4142.60100,4150.89900,9426
2025.11.27,05:00,4150.85500,4154.64300,4144.77700,4147.22300,9641
2025.11.27,06:00,4147.18700,4159.18100,4147.10800,4157.47200,13094
2025.11.27,07:00,4157.44700,4162.25200,4155.54400,4160.02000,13014
2025.11.27,08:00,4160.05900,4167.18100,4159.59500,4165.80200,11630
2025.11.27,09:00,4165.76300,4165.86600,4148.26100,4158.69600,14484
2025.11.27,10:00,4158.73000,4160.57900,4152.28800,4156.47900,10439
2025.11.27,11:00,4156.43200,4162.51800,4155.78200,4157.35200,8456
2025.11.27,12:00,4157.40500,4159.19600,4153.51700,4154.10200,7192
2025.11.27,13:00,4154.15200,4158.01600,4149.15100,4154.97600,15623
2025.11.27,14:00,4155.03100,4160.72200,4152.72400,4153.40100,12677
2025.11.27,15:00,4153.35100,4161.86000,4152.96500,4158.05600,8724
2025.11.27,16:00,4158.00500,4158.35500,4151.44300,4156.37800,7247
2025.11.27,17:00,4156.40400,4159.18200,4154.69500,4157.70500,4666
2025.11.27,18:00,4157.70200,4159.79300,4155.85000,4159.14600,3894
2025.11.27,19:00,4159.15400,4160.37000,4157.11600,4157.11600,1823
2025.11.27,23:01,4160.41300,4164.01000,4158.29900,4163.43100,4645
2025.11.28,00:00,4163.37100,4183.44700,4163.14500,4180.57600,13634
2025.11.28,01:00,4180.52600,4193.04400,4180.52600,4191.04700,14250
2025.11.28,02:00,4191.09100,4192.05700,4185.76900,4189.55000,9116
2025.11.28,03:00,4189.50100,4191.83100,4182.79000,4184.22700,5366
2025.11.28,04:00,4184.23200,4188.68000,4178.51600,4188.38300,7026
2025.11.28,05:00,4188.38200,4188.86200,4155.87400,4182.46100,9549
2025.11.28,06:00,4182.40400,4188.72400,4181.75300,4187.55500,4689
2025.11.28,07:00,4187.56400,4187.76700,4174.25200,4174.63100,3398
2025.11.28,08:00,4174.63500,4180.13900,4147.52900,4168.07900,304
2025.11.28,09:00,4168.55700,4169.99800,4157.63400,4166.64300,41883
2025.11.28,10:00,4166.65200,4178.41600,4160.89700,4163.88300,4832
2025.11.28,11:00,4163.90400,4179.91900,4163.00500,4172.01900,9424
2025.11.28,12:00,4171.98000,4178.22300,4168.71200,4176.61800,4977
2025.11.28,13:00,4176.62200,4182.82400,4168.93200,4182.53200,8174
2025.11.28,14:00,4182.48900,4208.95800,4182.48900,4198.20100,23701
2025.11.28,15:00,4198.21600,4203.97400,4185.67400,4203.54800,20608
2025.11.28,16:00,4203.57500,4210.80200,4197.55900,4206.18900,16467
2025.11.28,17:00,4206.21300,4216.95500,4204.33400,4216.89400,14080
2025.11.28,18:00,4216.87000,4226.47900,4211.04300,4220.42500,14254
2025.11.28,19:00,4220.41600,4222.04300,4216.12100,4219.17900,6729
2025.11.30,23:01,4219.88700,4225.30900,4205.82700,4221.87600,15682
2025.12.01,00:00,4221.85100,4233.71700,4218.24500,4230.86100,14469
2025.12.01,01:00,4230.83700,4256.15000,4219.70800,4255.39600,30369
2025.12.01,02:00,4255.31400,4256.44700,4234.27200,4242.71200,23264
2025.12.01,03:00,4242.68800,4243.85200,4232.55000,4239.35000,16404
2025.12.01,04:00,4239.31300,4246.98900,4236.36600,4245.67000,9451
2025.12.01,05:00,4245.69400,4246.53400,4215.43400,4229.56400,24058
2025.12.01,06:00,4229.59200,4240.54500,4226.24500,4236.98500,13954
2025.12.01,07:00,4237.02200,4246.42500,4231.90600,4245.32000,12702
2025.12.01,08:00,4245.28600,4253.55100,4238.45700,4244.77600,14274
2025.12.01,09:00,4244.74600,4251.70100,4243.70300,4250.00200,11186
2025.12.01,10:00,4249.94700,4262.27800,4249.12700,4255.58200,13857
2025.12.01,11:00,4255.52400,4258.39300,4248.31800,4254.63400,11036
2025.12.01,12:00,4254.63900,4256.52900,4244.25500,4246.50800,15002
2025.12.01,13:00,4246.48200,4264.56200,4245.49800,4247.30400,21364
2025.12.01,14:00,4247.33000,4249.34300,4219.68900,4240.22500,34171
2025.12.01,15:00,4240.18500,4244.99500,4219.61000,4232.56500,34137
2025.12.01,16:00,4232.58900,4242.32500,4224.93300,4226.23300,30723
2025.12.01,17:00,4226.28400,4240.07000,4223.12700,4232.43200,25418
2025.12.01,18:00,4232.47400,4244.66700,4232.47400,4240.22700,18520
2025.12.01,19:00,4240.25900,4243.88300,4229.17100,4236.85100,18649
2025.12.01,20:00,4236.81900,4241.51600,4234.42600,4237.34700,14882
2025.12.01,21:00,4237.32500,4240.66500,4230.30400,4231.91400,7550
2025.12.01,23:00,4231.66200,4235.98900,4224.42300,4227.64800,12723
2025.12.02,00:00,4227.67900,4229.76600,4221.44700,4226.92500,14106
2025.12.02,01:00,4226.84400,4227.30600,4191.18300,4219.61100,37978
2025.12.02,02:00,4219.55200,4224.70000,4214.36800,4221.52200,16978
2025.12.02,03:00,4221.55700,4226.26400,4215.78200,4216.93200,13123
2025.12.02,04:00,4216.91300,4220.59600,4213.58600,4218.76800,10390
2025.12.02,05:00,4218.70900,4225.44100,4215.20700,4224.93100,12954
2025.12.02,06:00,4224.96300,4226.27500,4203.25800,4212.74500,18987
2025.12.02,07:00,4212.71900,4219.32800,4209.59800,4213.34700,11844
2025.12.02,08:00,4213.32000,4217.20200,4207.10600,4210.26000,13166
2025.12.02,09:00,4210.29500,4213.19900,4180.94500,4191.80900,21808
2025.12.02,10:00,4191.79200,4192.32700,4182.24100,4185.71400,14332
2025.12.02,11:00,4185.68200,4205.86100,4184.83100,4205.31900,11100
2025.12.02,12:00,4205.25400,4209.89100,4201.05500,4208.73500,10501
2025.12.02,13:00,4208.78400,4215.27100,4202.00200,4212.28300,20757
2025.12.02,14:00,4212.25700,4230.85900,4212.18600,4218.82200,36737
2025.12.02,15:00,4218.61600,4219.58100,4163.56600,4169.35800,48113
2025.12.02,16:00,4169.47400,4190.31500,4166.91100,4184.68800,33358
2025.12.02,17:00,4184.72200,4197.05300,4184.56000,4193.80900,18682
2025.12.02,18:00,4193.78100,4196.92300,4183.20700,4190.76100,17239
2025.12.02,19:00,4190.88200,4200.69300,4190.88200,4196.52000,12280
2025.12.02,20:00,4196.55700,4212.39700,4194.87500,4210.01800,13019
2025.12.02,21:00,4209.98400,4211.78000,4205.44200,4205.86600,5600
2025.12.02,23:00,4207.69000,4216.26000,4202.76200,4212.87600,15138
2025.12.03,00:00,4212.91300,4213.00400,4204.33900,4211.79900,14476
2025.12.03,01:00,4211.84600,4221.10100,4211.52400,4214.42400,22076
2025.12.03,02:00,4214.37600,4228.86400,4214.13000,4226.58000,15464
2025.12.03,03:00,4226.61500,4227.59700,4220.04300,4221.24400,10235
2025.12.03,04:00,4221.18200,4225.41400,4217.28500,4222.39200,7488
2025.12.03,05:00,4222.28700,4223.94400,4203.22700,4207.79300,20322
2025.12.03,06:00,4207.83800,4211.84800,4204.70700,4208.17600,17235
2025.12.03,07:00,4208.21600,4210.25900,4199.95900,4206.45300,14876
2025.12.03,08:00,4206.48500,4210.26300,4203.75100,4206.44900,14256
2025.12.03,09:00,4206.49400,4207.52400,4196.97900,4202.03800,12712
2025.12.03,10:00,4201.99600,4204.85300,4194.48000,4200.53900,13294
2025.12.03,11:00,4200.49700,4209.20700,4196.98100,4208.56400,10415
2025.12.03,12:00,4208.53700,4214.33000,4205.12400,4213.60900,11311
2025.12.03,13:00,4213.63600,4238.81800,4211.35300,4237.15700,23293
2025.12.03,14:00,4237.25600,4241.57900,4205.14400,4212.56000,47817
2025.12.03,15:00,4212.50900,4229.46600,4206.14500,4216.34200,27981
2025.12.03,16:00,4216.30700,4224.96400,4195.75800,4200.81100,27524
2025.12.03,17:00,4200.78600,4215.43100,4200.21300,4210.96200,19084
2025.12.03,18:00,4211.07900,4211.55900,4195.22500,4196.98600,20821
2025.12.03,19:00,4197.01700,4209.99700,4196.96900,4207.87200,11579
2025.12.03,20:00,4207.83000,4212.74800,4203.59900,4206.14300,10738
2025.12.03,21:00,4206.11100,4210.14700,4202.71600,4202.71800,7227
2025.12.03,23:00,4205.11700,4209.01400,4202.39500,4207.16500,7986
2025.12.04,00:00,4207.10200,4215.82700,4204.31000,4211.62000,10079
2025.12.04,01:00,4211.59500,4216.81700,4205.75300,4209.14300,19495
2025.12.04,02:00,4209.10500,4209.22800,4198.85500,4200.50000,15455
2025.12.04,03:00,4200.55500,4201.64200,4187.21500,4195.85100,15823
2025.12.04,04:00,4195.77200,4199.17100,4192.79100,4196.94500,8351
2025.12.04,05:00,4196.89600,4199.04900,4174.83400,4181.07500,20609
2025.12.04,06:00,4181.05200,4190.23200,4178.50100,4190.11800,20602
2025.12.04,07:00,4190.09900,4194.98200,4186.45900,4193.75300,13246
2025.12.04,08:00,4193.71300,4196.35400,4184.73300,4184.82300,16345
2025.12.04,09:00,4184.77500,4202.31800,4183.69400,4199.88300,14613
2025.12.04,10:00,4199.81400,4202.68700,4196.58100,4197.31000,10728
2025.12.04,11:00,4197.28500,4206.55000,4197.18700,4198.62500,10172
2025.12.04,12:00,4198.59700,4201.79300,4188.71600,4190.50600,13814
2025.12.04,13:00,4190.46600,4198.32900,4185.50600,4198.30100,22592
2025.12.04,14:00,4198.27100,4213.58600,4193.63300,4201.41600,32564
2025.12.04,15:00,4201.45300,4210.25200,4191.28700,4207.52000,28237
2025.12.04,16:00,4207.49300,4219.41400,4206.67400,4215.71100,19415
2025.12.04,17:00,4215.74100,4217.58000,4208.96900,4216.47300,12764
2025.12.04,18:00,4216.44800,4217.44800,4207.39400,4208.01800,12847
2025.12.04,19:00,4208.00700,4210.18600,4199.59900,4208.93900,14527
2025.12.04,20:00,4208.91100,4210.30900,4205.44100,4209.88800,9145
2025.12.04,21:00,4209.84300,4210.32000,4207.96800,4208.60100,3906
2025.12.04,23:00,4208.51500,4209.76300,4203.89000,4206.07900,7977
2025.12.05,00:00,4206.07700,4210.52600,4201.19500,4201.66600,9068
2025.12.05,01:00,4201.69300,4204.38100,4194.82400,4203.10800,16294
2025.12.05,02:00,4203.01200,4208.34100,4196.71400,4207.30600,12465
2025.12.05,03:00,4207.33000,4210.95300,4201.82600,4209.55700,10531
2025.12.05,04:00,4209.54400,4217.39600,4207.84400,4216.74900,8800
2025.12.05,05:00,4216.70700,4221.33900,4214.30300,4220.53300,11044
2025.12.05,06:00,4220.43600,4229.33900,4218.60500,4224.50900,14901
2025.12.05,07:00,4224.66000,4230.69000,4222.51000,4224.40900,9650
2025.12.05,08:00,4224.44900,4227.11200,4220.51800,4220.55700,9972
2025.12.05,09:00,4220.59800,4225.10000,4215.93900,4223.29600,9759
2025.12.05,10:00,4223.27600,4227.55300,4222.51000,4222.91800,6627
2025.12.05,11:00,4222.88000,4225.63600,4220.00200,4223.69300,6980
2025.12.05,12:00,4223.72100,4229.67600,4222.80000,4228.69600,10063
2025.12.05,13:00,4228.67500,4239.03400,4221.55000,4234.61000,22098
2025.12.05,14:00,4234.57400,4245.68600,4228.27700,4242.02300,25115
2025.12.05,15:00,4242.23900,4259.24000,4234.17400,4243.68200,29976
2025.12.05,16:00,4243.71600,4245.69800,4198.64200,4214.13100,54901
2025.12.05,17:00,4214.09300,4219.94500,4206.26600,4217.46300,21372
2025.12.05,18:00,4217.43400,4219.22400,4206.69900,4208.83300,16831
2025.12.05,19:00,4208.86900,4210.84300,4202.32100,4207.64900,12809
2025.12.05,20:00,4207.69000,4207.84400,4199.29000,4202.27900,23985
2025.12.05,21:00,4202.31200,4202.66800,4191.86300,4198.52200,13421
2025.12.07,23:01,4202.42600,4208.45800,4190.00400,4201.38900,2187
2025.12.08,00:00,4201.43300,4211.65200,4199.46100,4210.84300,9104
2025.12.08,01:00,4210.90800,4211.86900,4197.54300,4201.12300,20064
2025.12.08,02:00,4201.09000,4212.43000,4198.44800,4208.51400,13194
2025.12.08,03:00,4208.46200,4213.43900,4206.71000,4210.00800,8672
2025.12.08,04:00,4210.04100,4213.25400,4206.91400,4208.57400,5515
2025.12.08,05:00,4208.53800,4217.25500,4204.60300,4217.00900,9198
2025.12.08,06:00,4217.04500,4218.96300,4212.22600,4217.00100,9825
2025.12.08,07:00,4217.04400,4217.37200,4206.26900,4206.86400,10016
2025.12.08,08:00,4206.86300,4216.48300,4203.13400,4209.88300,11372
2025.12.08,09:00,4209.77200,4212.72300,4204.09000,4207.98900,9552
2025.12.08,10:00,4207.95800,4210.28900,4200.93500,4203.56100,8576
2025.12.08,11:00,4203.51500,4214.04900,4199.69400,4208.39100,8602
2025.12.08,12:00,4208.51100,4215.56400,4208.37800,4213.81000,8111
2025.12.08,13:00,4213.84100,4214.76800,4197.64800,4201.62500,19698
2025.12.08,14:00,4201.63900,4211.59900,4195.47400,4196.71100,24227
2025.12.08,15:00,4196.74000,4196.89000,4176.13700,4182.93300,28872
2025.12.08,16:00,4182.89100,4197.89100,4177.11800,4191.59200,16942
2025.12.08,17:00,4191.62900,4195.59000,4185.52800,4194.81000,10730
2025.12.08,18:00,4194.84900,4195.64000,4184.50800,4187.27100,10343
2025.12.08,19:00,4187.22400,4188.84000,4184.18500,4187.05700,8545
2025.12.08,20:00,4187.01700,4195.49700,4184.92800,4191.49500,7982
2025.12.08,21:00,4191.53700,4193.18800,4188.26300,4190.61300,3642
2025.12.08,23:00,4190.08000,4195.41000,4190.08000,4194.73500,4526
2025.12.09,00:00,4194.74000,4195.70000,4189.91300,4190.44400,6079
2025.12.09,01:00,4190.48200,4197.32400,4188.78800,4196.09800,12440
2025.12.09,02:00,4196.03700,4197.12300,4185.98000,4189.88500,11184
2025.12.09,03:00,4189.97600,4198.80800,4189.95500,4194.52300,8901
2025.12.09,04:00,4194.45700,4195.65400,4184.42800,4186.96600,7520
2025.12.09,05:00,4186.92500,4187.29000,4178.14100,4179.79300,11726
2025.12.09,06:00,4179.80600,4184.04700,4170.09700,4182.12800,15110
2025.12.09,07:00,4182.06400,4185.79400,4175.80500,4182.36800,12648
2025.12.09,08:00,4182.34100,4191.89000,4182.34100,4191.74500,10975
2025.12.09,09:00,4191.70100,4213.08000,4190.82300,4202.81700,18892
2025.12.09,10:00,4202.87200,4208.35100,4201.25000,4203.92800,11597
2025.12.09,11:00,4203.96500,4206.46800,4201.20000,4202.97600,8302
2025.12.09,12:00,4203.02100,4207.62100,4198.51600,4204.20400,9112
2025.12.09,13:00,4204.25200,4208.34800,4195.76300,4201.25900,21182
2025.12.09,14:00,4201.36800,4210.29500,4189.39100,4204.98200,29965
2025.12.09,15:00,4204.93800,4216.46100,4190.09900,4212.47500,32125
2025.12.09,16:00,4212.50500,4221.49700,4210.14200,4212.37000,26184
2025.12.09,17:00,4212.37800,4216.34000,4201.57700,4202.93800,17774
2025.12.09,18:00,4202.89800,4209.73600,4201.26800,4208.87100,13781
2025.12.09,19:00,4208.91400,4214.45000,4207.11900,4212.57700,11286
2025.12.09,20:00,4212.54000,4216.11000,4208.92000,4212.12300,16679
2025.12.09,21:00,4212.08100,4212.98400,4207.23100,4208.54000,15194
2025.12.09,23:00,4208.20700,4213.09100,4207.79000,4210.87000,5978
2025.12.10,00:00,4210.80400,4212.76600,4207.06200,4208.46800,8134
2025.12.10,01:00,4208.41200,4218.21000,4206.90200,4213.81300,17983
2025.12.10,02:00,4213.78600,4218.77800,4211.58000,4216.96200,11291
2025.12.10,03:00,4216.92900,4217.20600,4203.76500,4206.30000,12048
2025.12.10,04:00,4206.37800,4209.68100,4205.51800,4207.06000,5821
2025.12.10,05:00,4206.94800,4214.37400,4201.77000,4211.43100,10201
2025.12.10,06:00,4211.42600,4211.71300,4203.06700,4207.33800,12476
2025.12.10,07:00,4207.37800,4209.45900,4203.22900,4203.34700,9806
2025.12.10,08:00,4203.25100,4206.57600,4197.02300,4197.85600,12590
2025.12.10,09:00,4197.82100,4200.62500,4192.54200,4194.39600,11669
2025.12.10,10:00,4194.35300,4196.37200,4187.78300,4193.26000,11642
2025.12.10,11:00,4193.22500,4197.76200,4192.55800,4197.20800,7392
2025.12.10,12:00,4197.25400,4202.31000,4195.24400,4196.53700,9052
2025.12.10,13:00,4196.56700,4205.08000,4192.92200,4200.77400,18005
2025.12.10,14:00,4200.81900,4207.08800,4191.35100,4192.56800,23523
2025.12.10,15:00,4192.60300,4201.29300,4188.91500,4193.62000,21874
2025.12.10,16:00,4193.68200,4205.17200,4192.78400,4204.73500,13332
2025.12.10,17:00,4204.77200,4204.84400,4196.89300,4199.74600,10030
2025.12.10,18:00,4199.76700,4200.76900,4191.96500,4194.41800,10581
2025.12.10,19:00,4194.38100,4219.84200,4181.68300,4216.34600,70118
2025.12.10,20:00,4216.31400,4238.68500,4211.01300,4229.62800,43367
2025.12.10,21:00,4229.59900,4232.57200,4221.19600,4228.57000,10242
2025.12.10,23:00,4230.16200,4234.10100,4224.02000,4232.47000,8220
2025.12.11,00:00,4232.49200,4245.14500,4231.27100,4237.17400,13730
2025.12.11,01:00,4237.14400,4247.76800,4232.99700,4238.25100,22255
2025.12.11,02:00,4238.28400,4240.90600,4220.42300,4222.42900,16589
2025.12.11,03:00,4222.36300,4224.94100,4209.32900,4216.73800,18434
2025.12.11,04:00,4216.67900,4218.36000,4208.59000,4213.57900,10483
2025.12.11,05:00,4213.46700,4216.36900,4206.15500,4207.52300,13058
2025.12.11,06:00,4207.55500,4215.44700,4204.27600,4214.39300,12883
2025.12.11,07:00,4214.35800,4218.68900,4210.52000,4216.07900,14557
2025.12.11,08:00,4216.05300,4219.62800,4212.80800,4216.97900,11826
2025.12.11,09:00,4216.98700,4221.83600,4210.32700,4218.57900,11247
2025.12.11,10:00,4218.54100,4225.93100,4211.73400,4216.95300,22960
2025.12.11,11:00,4216.92300,4219.18200,4209.64800,4211.19700,17563
2025.12.11,12:00,4211.22500,4220.50100,4208.78800,4220.38300,20931
2025.12.11,13:00,4220.47300,4223.32300,4205.18400,4221.06000,38546
2025.12.11,14:00,4221.10000,4244.47100,4217.84700,4230.20900,55481
2025.12.11,15:00,4230.17100,4261.54000,4226.16600,4256.04400,58066
2025.12.11,16:00,4256.10700,4279.21700,4250.09400,4273.57100,51388
2025.12.11,17:00,4273.61100,4281.89200,4272.10400,4278.62500,41620
2025.12.11,18:00,4278.60300,4285.95900,4266.73200,4268.14100,32129
2025.12.11,19:00,4268.23700,4277.72700,4262.95300,4273.60900,31348
2025.12.11,20:00,4273.58000,4276.49800,4264.23600,4276.16400,36720
2025.12.11,21:00,4276.32100,4283.66400,4272.57200,4280.17900,22235
2025.12.11,23:00,4282.92900,4283.06900,4272.39500,4276.52300,7394
2025.12.12,00:00,4276.47100,4280.23600,4268.75800,4269.64400,11022
2025.12.12,01:00,4269.72700,4276.11600,4264.73800,4270.98600,22293
2025.12.12,02:00,4270.95600,4276.89100,4269.38700,4270.50100,12409
2025.12.12,03:00,4270.52900,4274.60700,4268.70900,4270.60900,9425
2025.12.12,04:00,4270.54200,4271.13500,4266.31500,4266.47800,6740
2025.12.12,05:00,4266.49700,4280.59200,4266.10900,4278.97800,9878
2025.12.12,06:00,4279.12700,4283.18400,4276.64100,4282.91500,10310
2025.12.12,07:00,4282.79800,4290.52900,4281.33300,4287.10500,9994
2025.12.12,08:00,4287.13300,4309.55200,4286.98100,4308.12200,14671
2025.12.12,09:00,4308.09500,4320.27500,4306.80500,4318.24100,16323
2025.12.12,10:00,4318.27900,4330.94100,4314.74200,4329.72000,16125
2025.12.12,11:00,4329.76800,4339.35100,4326.98200,4336.37700,15987
2025.12.12,12:00,4336.49000,4338.94500,4324.75400,4325.88000,16719
2025.12.12,13:00,4325.84400,4346.16200,4321.29500,4341.04200,26771
2025.12.12,14:00,4340.99800,4353.57000,4330.72500,4346.96500,41143
2025.12.12,15:00,4346.93600,4351.51200,4283.08200,4290.40600,81428
2025.12.12,16:00,4290.36900,4296.71400,4256.95800,4281.95000,79116
2025.12.12,17:00,4281.91100,4298.43200,4271.11900,4294.23000,36329
2025.12.12,18:00,4294.27200,4303.62700,4290.46100,4294.93500,25788
2025.12.12,19:00,4294.97300,4299.77100,4289.80000,4296.52700,18317
2025.12.12,20:00,4296.50000,4302.92300,4288.40300,4299.23400,18831
2025.12.12,21:00,4299.29900,4304.24700,4298.16500,4300.98300,7036
2025.12.14,23:01,4300.52500,4308.44600,4299.85900,4302.39100,9988
2025.12.15,00:00,4302.43100,4308.08400,4300.05500,4307.55100,8872
2025.12.15,01:00,4307.54100,4325.27700,4305.78300,4322.53100,18295
2025.12.15,02:00,4322.49100,4329.20300,4320.89000,4326.42800,12546
2025.12.15,03:00,4326.39700,4329.63700,4319.43400,4327.07500,12150
2025.12.15,04:00,4327.15500,4330.08500,4323.16400,4326.12600,8576
2025.12.15,05:00,4326.12900,4344.32900,4324.78100,4343.48400,12572
2025.12.15,06:00,4343.45300,4347.52700,4339.72900,4343.71800,12423
2025.12.15,07:00,4343.64700,4344.82100,4333.64600,4339.34900,11563
2025.12.15,08:00,4339.32100,4349.06700,4338.94600,4346.82200,9597
2025.12.15,09:00,4346.79600,4350.28000,4342.32000,4342.59500,10140
2025.12.15,10:00,4342.58400,4348.24700,4337.72500,4339.75600,9795
2025.12.15,11:00,4339.63900,4343.72000,4335.40500,4342.74700,7892
2025.12.15,12:00,4342.85300,4348.46000,4342.67400,4345.67000,9064
2025.12.15,13:00,4345.63600,4346.37100,4330.82400,4332.33000,22114
2025.12.15,14:00,4332.29100,4336.74500,4317.34600,4323.59400,38320
2025.12.15,15:00,4323.55500,4327.81400,4311.44300,4318.30700,41032
2025.12.15,16:00,4318.33900,4318.94100,4285.21300,4297.47300,41587
2025.12.15,17:00,4297.43800,4306.63200,4290.69000,4304.47000,20203
2025.12.15,18:00,4304.43600,4313.57200,4299.97900,4313.05400,14403
2025.12.15,19:00,4313.06000,4317.72200,4307.86500,4314.22700,12795
2025.12.15,20:00,4314.17600,4314.50100,4299.46200,4304.48000,15137
2025.12.15,21:00,4304.45000,4305.93600,4300.75000,4305.43700,5321
2025.12.15,23:00,4307.39200,4309.72400,4303.33500,4304.15000,6143
2025.12.16,00:00,4304.13900,4313.19800,4302.67300,4307.83100,13264
2025.12.16,01:00,4307.86200,4317.88800,4299.07500,4308.85300,22732
2025.12.16,02:00,4308.82900,4312.29000,4286.46000,4289.92200,21006
2025.12.16,03:00,4289.94800,4294.48300,4280.59500,4290.86400,21538
2025.12.16,04:00,4290.86700,4292.28300,4286.54300,4289.08700,10155
2025.12.16,05:00,4289.15800,4292.26800,4271.57300,4284.18500,19142
2025.12.16,06:00,4284.22300,4292.06900,4282.53000,4289.24200,12690
2025.12.16,07:00,4289.20700,4289.86700,4279.54100,4287.64300,12267
2025.12.16,08:00,4287.57700,4289.53700,4275.43300,4284.72300,14693
2025.12.16,09:00,4284.76700,4285.88400,4276.39300,4280.39000,9197
2025.12.16,10:00,4280.46100,4284.34400,4274.73400,4277.35500,12030
2025.12.16,11:00,4277.31700,4279.60200,4273.75200,4278.42200,8634
2025.12.16,12:00,4278.46300,4295.08000,4276.70500,4294.47500,12606
2025.12.16,13:00,4294.50300,4313.34900,4290.86400,4313.03000,28553
2025.12.16,14:00,4312.99200,4332.30800,4311.37300,4324.80700,33431
2025.12.16,15:00,4324.77200,4335.09900,4312.29400,4319.80500,35960
2025.12.16,16:00,4319.75800,4323.21800,4291.03200,4300.57700,28825
2025.12.16,17:00,4300.62900,4310.84200,4300.12000,4303.47900,17064
2025.12.16,18:00,4303.44600,4313.56200,4297.98600,4311.33000,18553
2025.12.16,19:00,4311.33700,4315.93100,4297.42800,4310.72300,19418
2025.12.16,20:00,4310.67600,4314.36600,4302.78800,4304.70900,12656
2025.12.16,21:00,4304.65100,4305.58300,4300.69300,4302.41700,4814
2025.12.16,23:00,4302.93500,4309.19000,4301.75600,4307.86000,5874
2025.12.17,00:00,4307.90500,4315.04000,4307.34300,4313.30000,7069
2025.12.17,01:00,4313.20000,4326.87700,4311.39700,4326.69000,22224
2025.12.17,02:00,4326.73300,4327.89000,4311.20400,4314.22800,18139
2025.12.17,03:00,4314.30300,4325.16600,4312.66400,4323.63900,14175
2025.12.17,04:00,4323.67000,4331.60400,4320.44600,4329.64500,10020
2025.12.17,05:00,4329.69100,4342.48600,4328.06600,4333.95900,18355
2025.12.17,06:00,4333.98800,4337.76300,4324.83500,4328.66800,14917
2025.12.17,07:00,4328.62600,4328.64500,4315.55500,4317.79800,14743
2025.12.17,08:00,4317.77000,4320.97100,4308.27600,4319.16800,15084
2025.12.17,09:00,4319.07200,4323.22100,4315.97700,4317.05000,10033
2025.12.17,10:00,4316.98500,4322.26800,4306.45300,4317.65000,10039
2025.12.17,11:00,4317.70000,4320.55900,4315.18300,4316.40900,7752
2025.12.17,12:00,4316.45700,4323.26500,4314.92100,4317.55400,9201
2025.12.17,13:00,4317.47100,4344.02400,4315.09000,4341.94000,21859
2025.12.17,14:00,4342.00500,4346.10800,4322.85600,4338.22000,38566
2025.12.17,15:00,4338.21900,4349.29700,4324.14100,4330.18800,39798
2025.12.17,16:00,4330.23900,4337.55900,4320.31200,4333.47500,35173
2025.12.17,17:00,4333.54600,4342.51800,4328.58100,4342.51800,22657
2025.12.17,18:00,4342.54000,4346.43900,4328.93600,4335.99500,22117
2025.12.17,19:00,4335.95300,4341.08900,4330.24300,4336.96700,14524
2025.12.17,20:00,4336.93500,4346.09600,4335.16300,4341.24500,12235
2025.12.17,21:00,4341.31100,4346.35700,4338.28900,4338.45900,6802
2025.12.17,23:00,4340.11100,4343.17900,4335.66200,4339.20100,5284
2025.12.18,00:00,4339.15000,4342.91600,4333.12400,4334.80400,11321
2025.12.18,01:00,4334.80300,4337.00000,4324.17400,4331.53600,22804
2025.12.18,02:00,4331.53400,4337.74100,4329.85200,4333.28300,13946
2025.12.18,03:00,4333.23600,4336.73700,4330.81400,4333.08100,10479
2025.12.18,04:00,4333.12400,4333.50900,4328.57600,4331.92100,7315
2025.12.18,05:00,4331.81200,4337.51000,4331.09200,4333.30700,12015
2025.12.18,06:00,4333.25400,4336.19000,4330.72800,4333.95400,10611
2025.12.18,07:00,4333.90400,4337.73700,4329.99700,4331.41800,8953
2025.12.18,08:00,4331.37900,4332.59200,4321.79900,4327.00200,11571
2025.12.18,09:00,4326.95900,4328.66100,4320.58400,4323.39300,10357
2025.12.18,10:00,4323.36200,4327.57200,4321.96200,4325.31200,8057
2025.12.18,11:00,4325.33900,4328.62700,4324.36200,4325.56700,6759
2025.12.18,12:00,4325.57200,4326.57600,4317.13700,4320.94400,9913
2025.12.18,13:00,4320.82800,4343.10200,4314.56700,4336.65600,28699
2025.12.18,14:00,4336.59100,4341.47700,4308.64500,4328.51700,44857
2025.12.18,15:00,4328.56300,4341.44800,4324.82200,4338.20800,36397
2025.12.18,16:00,4338.26500,4374.64100,4337.78400,4360.25500,37066
2025.12.18,17:00,4360.31700,4363.51700,4321.70900,4333.26900,53755
2025.12.18,18:00,4333.33900,4341.14900,4325.67400,4331.66000,23671
2025.12.18,19:00,4331.68900,4334.87200,4322.72800,4324.96600,20088
2025.12.18,20:00,4324.99200,4338.13400,4324.48000,4334.70200,17240
2025.12.18,21:00,4334.65300,4334.70800,4328.47100,4332.27400,5852
2025.12.18,23:00,4335.74200,4336.92700,4333.51300,4335.14400,4246
2025.12.19,00:00,4335.17000,4335.80700,4325.57100,4326.01900,7669
2025.12.19,01:00,4326.05800,4328.39500,4309.25800,4323.26600,24819
2025.12.19,02:00,4323.31100,4327.82300,4314.27300,4316.79300,13093
2025.12.19,03:00,4316.85800,4322.56400,4312.84800,4318.02400,12791
2025.12.19,04:00,4318.03100,4323.00300,4316.90000,4322.78900,8129
2025.12.19,05:00,4322.77500,4329.08700,4317.57000,4325.91800,11719
2025.12.19,06:00,4325.95900,4329.52500,4321.79400,4326.36400,13044
2025.12.19,07:00,4326.45800,4329.58100,4321.62500,4322.68500,11018
2025.12.19,08:00,4322.65400,4331.01800,4321.09000,4326.15900,10880
2025.12.19,09:00,4326.11700,4333.59000,4324.37500,4329.35200,9035
2025.12.19,10:00,4329.30300,4331.70000,4322.28800,4327.77000,9665
2025.12.19,11:00,4327.85000,4329.45300,4325.08100,4327.23800,9234
2025.12.19,12:00,4327.29000,4328.98200,4320.65400,4326.81400,11495
2025.12.19,13:00,4326.85100,4335.40200,4326.15400,4328.52600,17858
2025.12.19,14:00,4328.48000,4337.99400,4319.73000,4332.50300,31883
2025.12.19,15:00,4332.55000,4349.07800,4331.96000,4347.77300,28168
2025.12.19,16:00,4347.74600,4354.91400,4341.98400,4349.82500,22849
2025.12.19,17:00,4349.77200,4356.15500,4347.13400,4353.54400,15827
2025.12.19,18:00,4353.49800,4356.55900,4343.27700,4348.57800,16093
2025.12.19,19:00,4348.53000,4350.59400,4345.14600,4345.35600,8359
2025.12.19,20:00,4345.29900,4346.35500,4336.81600,4339.60200,11213
2025.12.19,21:00,4339.50300,4340.12600,4336.63200,4339.36500,4956
2025.12.21,23:01,4340.92900,4356.44100,4339.94400,4355.37900,7982
2025.12.22,00:00,4355.34800,4366.38000,4355.32600,4364.77000,13094
2025.12.22,01:00,4364.84900,4384.94700,4361.29700,4382.88700,24460
2025.12.22,02:00,4382.90300,4388.72300,4378.58800,4386.00300,14026
2025.12.22,03:00,4385.94000,4394.99100,4384.22500,4392.63300,9832
2025.12.22,04:00,4392.60000,4400.88000,4391.30300,4398.38600,8131
2025.12.22,05:00,4398.34000,4409.57400,4396.68300,4400.29700,16629
2025.12.22,06:00,4400.33000,4419.89100,4398.82700,4419.17900,14815
2025.12.22,07:00,4419.07300,4420.35400,4410.59300,4414.35200,11529
2025.12.22,08:00,4414.28000,4415.03500,4406.13800,4408.33300,11709
2025.12.22,09:00,4408.37700,4414.93000,4407.98700,4411.05100,8016
2025.12.22,10:00,4411.13700,4415.95000,4406.21200,4408.65500,8246
2025.12.22,11:00,4408.69400,4411.64200,4406.20500,4410.32400,7300
2025.12.22,12:00,4410.20600,4415.86000,4406.21800,4415.56100,8939
2025.12.22,13:00,4415.60600,4427.53100,4412.79800,4423.52600,20071
2025.12.22,14:00,4423.57300,4429.42800,4414.78200,4419.20400,27321
2025.12.22,15:00,4419.24500,4435.50500,4411.87200,4431.83700,24605
2025.12.22,16:00,4431.73600,4442.27300,4428.04300,4438.76700,19653
2025.12.22,17:00,4438.71500,4441.97700,4432.12700,4438.47400,11845
2025.12.22,18:00,4438.52600,4439.05100,4429.51100,4435.19500,9255
2025.12.22,19:00,4435.22300,4435.94600,4428.76600,4433.48700,7933
2025.12.22,20:00,4433.44900,4439.38300,4431.72300,4438.47100,8276
2025.12.22,21:00,4438.52300,4449.17300,4438.52300,4443.70500,7309
2025.12.22,23:00,4447.54900,4461.78000,4446.94900,4460.24300,9188
2025.12.23,00:00,4460.23600,4470.62800,4458.10500,4470.53200,9129
2025.12.23,01:00,4470.54600,4490.81700,4469.78000,4486.75300,25746
2025.12.23,02:00,4486.72400,4497.78500,4481.17300,4493.41600,14940
2025.12.23,03:00,4493.43700,4496.56900,4483.16400,4486.86300,13576
2025.12.23,04:00,4486.89600,4488.44100,4478.73800,4482.54700,9280
2025.12.23,05:00,4482.49300,4485.55500,4474.87200,4475.26000,13381
2025.12.23,06:00,4475.29300,4481.54600,4469.49000,4481.46900,12696
2025.12.23,07:00,4481.32500,4489.65200,4478.29400,4486.69200,9213
2025.12.23,08:00,4486.65600,4493.26200,4484.67600,4489.93300,9910
2025.12.23,09:00,4489.81300,4491.23400,4478.19500,4480.43000,12155
2025.12.23,10:00,4480.39100,4487.59100,4479.54800,4484.30200,8654
2025.12.23,11:00,4484.35500,4494.13700,4483.05400,4493.50100,8504
2025.12.23,12:00,4493.46400,4493.62500,4483.39300,4486.39700,8923
2025.12.23,13:00,4486.36500,4497.35900,4473.16700,4479.20400,26051
2025.12.23,14:00,4479.25200,4479.82100,4441.53100,4446.22200,49786
2025.12.23,15:00,4446.30800,4459.34400,4430.55400,4458.51100,42858
2025.12.23,16:00,4458.47100,4476.49500,4455.86200,4474.27000,19366
2025.12.23,17:00,4474.22800,4479.85800,4469.74100,4472.69900,18403
2025.12.23,18:00,4472.70600,4485.11300,4472.70600,4484.44300,13852
2025.12.23,19:00,4484.47200,4496.30900,4484.12500,4490.86000,14237
2025.12.23,20:00,4490.89600,4500.05600,4489.36500,4497.54200,10872
2025.12.23,21:00,4497.59300,4499.00200,4483.56800,4484.99100,7837
2025.12.23,23:00,4487.44400,4510.39900,4486.74500,4503.34400,10985
2025.12.24,00:00,4503.35900,4518.04000,4500.77400,4512.06300,14917
2025.12.24,01:00,4511.96100,4525.98700,4506.82300,4518.76000,28015
2025.12.24,02:00,4518.79400,4519.31600,4475.07300,4477.52000,23496
2025.12.24,03:00,4477.54500,4496.22000,4468.76600,4495.97200,15231
