date,time,open,high,low,close,volume
2025.04.17,12:00,3327.32200,3342.43300,3283.84900,3296.43100,99649
2025.04.17,16:00,3296.33500,3322.51900,3294.90400,3320.76900,37716
2025.04.17,20:00,3320.69100,3328.80700,3317.97500,3327.67100,5330
2025.04.20,22:05,3331.84900,3353.10500,3331.28800,3348.07800,23650
2025.04.21,00:00,3348.15500,3385.29400,3347.48700,3382.47200,59951
2025.04.21,04:00,3382.46500,3396.01700,3369.59700,3385.05800,45547
2025.04.21,08:00,3385.03100,3405.92400,3383.67700,3404.44300,38845
2025.04.21,12:00,3404.51500,3430.27900,3398.00800,3422.94100,84619
2025.04.21,16:00,3422.89700,3430.54700,3405.98800,3423.45800,40408
2025.04.21,20:00,3423.48600,3444.26700,3419.62800,3434.54800,26889
2025.04.22,00:00,3434.52400,3494.77300,3412.18000,3487.77600,94820
2025.04.22,04:00,3487.89400,3500.03300,3460.86100,3468.67000,92141
2025.04.22,08:00,3468.65600,3472.65000,3443.15100,3456.72100,68446
2025.04.22,12:00,3456.70600,3464.80300,3408.59700,3417.66900,127089
2025.04.22,16:00,3417.62000,3421.04300,3366.71800,3374.78900,110200
2025.04.22,20:00,3374.81800,3382.71000,3315.82800,3336.56100,54361
2025.04.23,00:00,3336.60700,3386.64600,3329.20300,3338.87800,114684
2025.04.23,04:00,3338.94400,3349.35500,3291.78900,3319.13000,91233
2025.04.23,08:00,3319.18500,3340.53600,3305.43900,3324.59400,58581
2025.04.23,12:00,3324.67700,3333.35800,3260.04200,3280.42400,150477
2025.04.23,16:00,3280.38600,3305.60000,3277.82300,3293.85800,55611
2025.04.23,20:00,3293.94300,3316.88200,3283.90300,3316.38400,23707
2025.04.24,00:00,3316.35100,3367.54600,3313.28600,3327.07400,97856
2025.04.24,04:00,3326.90600,3339.83700,3314.74200,3333.73300,61320
2025.04.24,08:00,3333.68700,3343.98800,3325.42800,3336.93200,44694
2025.04.24,12:00,3336.94800,3344.71900,3306.73900,3329.39100,84267
2025.04.24,16:00,3329.36500,3347.03000,3322.43700,3342.22600,35445
2025.04.24,20:00,3342.26600,3370.78900,3338.12800,3348.97600,26804
2025.04.25,00:00,3348.95100,3363.13200,3322.63200,3323.65500,58473
2025.04.25,04:00,3323.68100,3327.77500,3287.01200,3307.40700,81096
2025.04.25,08:00,3307.38100,3308.76300,3287.91100,3293.42600,49074
2025.04.25,12:00,3293.39600,3303.05400,3265.07200,3282.88300,87755
2025.04.25,16:00,3282.88200,3312.46400,3280.33800,3304.81800,36933
2025.04.25,20:00,3304.85600,3319.24000,3304.56900,3318.72600,7502
2025.04.27,22:05,3325.64000,3330.25600,3298.60600,3302.73900,25739
2025.04.28,00:00,3302.79100,3315.96500,3268.10200,3290.90200,77517
2025.04.28,04:00,3290.89400,3301.05400,3277.64500,3287.46600,46444
2025.04.28,08:00,3287.43700,3297.18300,3273.26800,3294.17600,38794
2025.04.28,12:00,3294.22500,3336.00100,3286.85100,3325.00500,78457
2025.04.28,16:00,3325.04600,3353.02100,3324.49600,3352.07600,41073
2025.04.28,20:00,3352.10700,3352.38000,3332.36200,3337.61000,24156
2025.04.29,00:00,3337.64300,3340.03900,3308.01600,3316.03000,59349
2025.04.29,04:00,3316.05700,3323.89500,3305.08400,3323.04200,39335
2025.04.29,08:00,3323.06600,3324.92300,3306.15900,3309.41600,33233
2025.04.29,12:00,3309.35900,3321.31200,3299.64900,3312.45500,75334
2025.04.29,16:00,3312.47700,3330.01300,3312.18000,3320.53500,35055
2025.04.29,20:00,3320.51000,3323.49800,3310.94900,3317.12200,15562
2025.04.30,00:00,3317.16100,3327.97100,3303.76300,3304.75300,43129
2025.04.30,04:00,3304.76500,3314.67000,3301.32600,3307.20300,31541
2025.04.30,08:00,3307.24200,3307.70400,3268.30200,3272.30700,49637
2025.04.30,12:00,3272.33100,3319.74200,3266.90100,3307.95500,103243
2025.04.30,16:00,3308.05600,3314.27900,3292.05300,3295.81800,38641
2025.04.30,20:00,3295.77800,3297.98700,3269.73800,3272.88700,32012
2025.05.01,00:00,3272.92200,3276.31400,3228.89400,3229.49600,75479
2025.05.01,04:00,3229.54000,3243.14900,3221.22800,3230.19200,51895
2025.05.01,08:00,3230.14900,3236.72600,3203.33400,3205.50200,41324
2025.05.01,12:00,3205.46500,3233.32000,3201.86200,3216.46100,92532
2025.05.01,16:00,3216.43400,3229.72000,3208.91200,3228.25000,36037
2025.05.01,20:00,3228.23800,3243.53100,3228.03900,3237.25300,21931
2025.05.02,00:00,3237.29100,3258.75800,3227.53300,3254.91600,45049
2025.05.02,04:00,3255.02000,3263.34300,3246.32700,3258.90600,36611
2025.05.02,08:00,3258.99200,3269.24200,3255.16100,3262.69800,36536
2025.05.02,12:00,3262.68400,3264.90600,3230.22800,3231.60100,100379
2025.05.02,16:00,3231.60400,3239.86800,3222.72100,3233.61100,56317
2025.05.02,20:00,3233.64900,3241.23200,3232.62700,3240.94700,5920
2025.05.04,22:05,3238.49000,3252.30000,3237.49000,3247.92200,17294
2025.05.05,00:00,3247.99300,3272.42900,3241.18000,3254.55000,48409
2025.05.05,04:00,3254.44700,3267.74800,3253.61600,3264.76000,37530
2025.05.05,08:00,3264.82400,3318.98500,3263.06000,3312.91900,53005
2025.05.05,12:00,3312.80100,3328.83800,3309.00600,3312.06500,65110
2025.05.05,16:00,3312.02800,3337.65200,3305.57700,3328.79300,39951
2025.05.05,20:00,3328.76000,3338.05200,3327.42600,3334.03100,19415
2025.05.06,00:00,3334.03800,3387.09900,3323.13900,3360.40100,97629
2025.05.06,04:00,3360.39500,3379.65300,3350.15200,3371.20000,54263
2025.05.06,08:00,3371.31300,3385.06300,3368.54700,3379.12800,44765
2025.05.06,12:00,3379.18000,3399.89500,3373.10100,3395.08300,72803
2025.05.06,16:00,3395.13500,3424.05900,3394.67300,3423.13900,41748
2025.05.06,20:00,3423.11500,3435.01600,3376.84000,3400.72300,64797
2025.05.07,00:00,3400.76500,3401.66600,3360.06800,3375.54100,99183
2025.05.07,04:00,3375.51900,3397.40000,3374.96200,3387.97100,46265
2025.05.07,08:00,3388.01000,3393.41000,3369.18600,3387.08300,45569
2025.05.07,12:00,3387.05500,3398.09900,3375.66200,3385.27000,69170
2025.05.07,16:00,3385.22400,3398.00100,3363.69200,3371.83200,75756
2025.05.07,20:00,3371.95900,3377.18500,3363.79100,3376.48800,21359
2025.05.08,00:00,3376.51500,3414.85100,3373.78500,3396.86400,65706
2025.05.08,04:00,3396.83900,3399.41700,3320.19900,3342.92800,92249
2025.05.08,08:00,3342.88200,3346.69500,3330.39000,3344.38100,46409
2025.05.08,12:00,3344.31100,3369.60200,3326.80400,3330.39900,86788
2025.05.08,16:00,3330.37100,3330.37100,3288.72600,3306.38400,70015
2025.05.08,20:00,3306.43400,3324.01000,3303.82800,3316.41200,25753
2025.05.09,00:00,3316.44800,3323.13800,3274.66400,3308.10600,81062
2025.05.09,04:00,3308.09900,3332.26400,3308.09900,3327.30600,49825
2025.05.09,08:00,3327.33100,3338.37100,3320.21700,3332.96200,38979
2025.05.09,12:00,3333.06600,3346.04400,3320.29800,3345.04000,63286
2025.05.09,16:00,3345.14300,3347.55600,3325.44100,3328.80200,32131
2025.05.09,20:00,3328.76000,3330.29500,3325.14200,3326.80500,5132
2025.05.11,22:05,3282.25500,3292.61100,3265.84700,3287.53400,32384
2025.05.12,00:00,3287.50600,3289.96600,3258.75100,3283.25000,77805
2025.05.12,04:00,3283.21400,3283.66200,3216.10500,3222.64700,85553
2025.05.12,08:00,3222.71800,3234.39800,3207.69300,3224.79400,80071
2025.05.12,12:00,3224.82200,3248.60100,3220.32300,3239.23700,95260
2025.05.12,16:00,3239.21000,3240.13800,3220.29500,3235.39400,41765
2025.05.12,20:00,3235.35500,3241.80700,3229.86400,3236.88000,18096
2025.05.13,00:00,3236.90600,3243.42300,3215.86200,3236.74300,57874
2025.05.13,04:00,3236.71900,3265.65900,3234.85300,3259.09800,44398
2025.05.13,08:00,3259.13900,3261.28400,3248.76300,3249.13400,34776
2025.05.13,12:00,3249.09800,3255.82700,3225.47300,3253.32500,82296
2025.05.13,16:00,3253.29300,3257.81800,3242.04400,3249.32400,30827
2025.05.13,20:00,3249.35500,3257.16500,3248.04300,3254.42600,12944
2025.05.14,00:00,3254.38800,3254.65800,3226.21200,3228.36600,52511
2025.05.14,04:00,3228.37000,3238.87400,3221.57000,3238.08500,42250
2025.05.14,08:00,3237.99000,3243.89700,3219.43600,3220.14200,45694
2025.05.14,12:00,3220.10500,3222.52000,3174.90000,3182.67400,111534
2025.05.14,16:00,3182.62900,3190.94100,3167.95700,3180.58700,45266
2025.05.14,20:00,3180.61300,3187.31200,3177.07800,3186.00800,15029
2025.05.15,00:00,3185.93400,3192.74300,3148.31500,3150.59400,57364
2025.05.15,04:00,3150.54600,3153.89200,3120.64900,3142.31800,65012
2025.05.15,08:00,3142.24400,3180.01900,3139.07900,3179.18000,47751
2025.05.15,12:00,3179.14100,3220.08800,3177.50700,3219.74000,80438
2025.05.15,16:00,3219.78000,3232.72300,3215.87300,3232.03700,33539
2025.05.15,20:00,3231.90100,3252.13200,3231.09400,3237.15000,26798
2025.05.16,00:00,3237.17500,3244.61500,3206.50500,3211.96900,66232
2025.05.16,04:00,3211.92000,3231.34300,3205.37800,3207.68100,48166
2025.05.16,08:00,3207.57200,3212.95400,3154.22100,3163.11500,62650
2025.05.16,12:00,3163.14900,3188.60600,3154.87900,3183.47900,93353
2025.05.16,16:00,3183.51400,3195.76300,3180.43200,3192.58300,34039
2025.05.16,20:00,3192.55300,3202.95400,3192.13000,3202.21700,8672
2025.05.18,22:05,3214.22600,3245.26000,3211.64400,3234.91000,28710
2025.05.19,00:00,3234.94700,3249.81200,3208.04000,3212.27000,68536
2025.05.19,04:00,3212.22900,3234.62800,3206.58400,3232.33500,47057
2025.05.19,08:00,3232.36100,3248.53500,3229.97300,3243.82000,40223
2025.05.19,12:00,3243.81700,3244.44400,3217.21600,3231.66200,67520
2025.05.19,16:00,3231.68700,3235.86600,3225.16600,3233.01000,28988
2025.05.19,20:00,3233.05600,3233.79000,3219.09700,3222.53200,14909
2025.05.20,00:00,3222.56100,3232.80400,3204.53500,3211.45000,52067
2025.05.20,04:00,3211.39400,3225.46000,3207.94600,3222.84300,40450
2025.05.20,08:00,3222.81900,3241.65100,3218.27500,3241.23600,35255
2025.05.20,12:00,3241.13900,3285.88600,3232.83700,3277.23900,88317
2025.05.20,16:00,3277.21200,3295.17200,3275.23200,3294.07800,32435
2025.05.20,20:00,3294.13000,3304.14400,3288.53000,3290.69500,26448
2025.05.21,00:00,3290.73400,3314.70400,3285.42000,3307.50500,60364
2025.05.21,04:00,3307.49100,3320.73500,3298.40400,3309.90600,45472
2025.05.21,08:00,3309.93300,3318.29400,3303.94600,3311.24900,39040
2025.05.21,12:00,3311.25500,3315.21100,3290.69300,3311.97800,76794
2025.05.21,16:00,3312.01200,3324.89700,3302.75800,3318.37700,42472
2025.05.21,20:00,3318.42300,3324.21300,3313.19200,3320.08100,20360
2025.05.22,00:00,3320.13800,3345.43000,3319.38900,3335.44000,51440
2025.05.22,04:00,3335.45100,3339.50200,3322.60800,3327.62100,40213
2025.05.22,08:00,3327.63600,3329.87500,3282.97700,3314.33000,64850
2025.05.22,12:00,3314.30500,3315.77500,3279.25200,3294.67500,93157
2025.05.22,16:00,3294.72200,3304.86000,3288.98200,3290.26400,38250
2025.05.22,20:00,3290.29600,3302.01300,3289.59300,3300.14600,14858
2025.05.23,00:00,3300.17200,3308.90800,3286.94200,3302.07000,53886
2025.05.23,04:00,3302.09700,3334.50200,3301.91500,3329.14500,42592
2025.05.23,08:00,3329.19100,3349.74000,3322.54800,3347.96600,55170
2025.05.23,12:00,3348.01800,3364.62000,3336.63100,3361.65500,112386
2025.05.23,16:00,3361.68700,3365.93100,3356.34800,3360.78500,33758
2025.05.23,20:00,3360.74300,3361.70000,3356.10300,3356.28500,5508
2025.05.25,22:05,3352.09500,3352.48000,3341.34900,3342.69100,22903
2025.05.26,00:00,3342.73000,3356.85900,3331.39000,3347.63600,50807
2025.05.26,04:00,3347.63900,3351.90600,3332.12400,3337.30900,35084
2025.05.26,08:00,3337.43100,3339.67000,3323.48500,3333.14900,31272
2025.05.26,12:00,3333.15200,3341.62400,3326.35000,3337.99800,31074
2025.05.26,16:00,3337.98400,3343.63900,3337.52100,3341.55800,7831
2025.05.26,22:05,3346.45800,3348.86300,3342.82900,3346.13900,9240
2025.05.27,00:00,3346.18200,3350.02900,3331.73000,3341.21700,34515
2025.05.27,04:00,3341.18800,3341.48500,3292.53500,3296.24400,62072
2025.05.27,08:00,3296.21400,3310.34400,3287.72400,3288.37400,53781
2025.05.27,12:00,3288.39900,3304.92600,3285.08900,3293.60500,59799
2025.05.27,16:00,3293.61200,3308.00800,3292.96900,3304.38000,23756
2025.05.27,20:00,3304.35600,3310.95700,3297.62100,3309.40200,15681
2025.05.28,00:00,3309.43100,3315.77000,3291.67400,3297.76100,43237
2025.05.28,04:00,3297.72500,3322.39300,3294.38300,3319.24900,38663
2025.05.28,08:00,3319.30000,3325.55600,3307.46100,3311.09900,32514
2025.05.28,12:00,3311.16800,3316.43800,3292.58200,3296.09400,55505
2025.05.28,16:00,3296.12500,3303.06500,3288.60900,3296.98300,30515
2025.05.28,20:00,3297.00600,3297.35600,3250.25800,3259.89500,44929
2025.05.29,00:00,3259.90400,3280.18900,3245.43200,3274.54500,75532
2025.05.29,04:00,3274.63500,3287.49400,3265.98600,3286.47800,39245
2025.05.29,08:00,3286.43100,3305.52300,3276.26200,3299.71900,36803
2025.05.29,12:00,3299.84400,3322.00800,3298.54100,3321.57800,68713
2025.05.29,16:00,3321.66400,3331.25300,3315.48600,3316.61500,34522
2025.05.29,20:00,3316.58600,3321.09800,3312.85400,3315.50300,13662
2025.05.30,00:00,3315.49800,3322.77700,3291.21900,3294.53100,48164
2025.05.30,04:00,3294.53000,3305.02000,3287.33600,3294.93000,39766
2025.05.30,08:00,3294.97500,3300.66900,3288.66800,3294.05500,33417
2025.05.30,12:00,3294.07600,3308.32600,3271.52600,3288.67600,101962
2025.05.30,16:00,3288.58700,3295.77800,3283.95700,3294.86500,36766
2025.05.30,20:00,3294.81200,3295.83400,3288.64200,3289.66500,4819
2025.06.01,22:05,3303.11300,3316.74200,3299.87300,3310.25500,17010
2025.06.02,00:00,3310.21300,3314.95900,3301.40900,3308.68500,37652
2025.06.02,04:00,3308.73300,3359.03700,3308.73300,3352.54700,43178
2025.06.02,08:00,3352.65300,3360.15200,3344.39000,3356.32400,37312
2025.06.02,12:00,3356.29600,3379.06400,3350.28800,3374.31900,67926
2025.06.02,16:00,3374.34900,3382.34400,3369.28500,3381.53900,30438
2025.06.02,20:00,3381.51300,3392.23800,3378.39400,3387.38400,18095
2025.06.03,00:00,3387.37700,3388.67100,3359.71700,3361.08700,56969
2025.06.03,04:00,3361.19500,3367.78400,3351.14900,3359.64800,42027
2025.06.03,08:00,3359.75200,3364.91300,3353.30500,3359.36600,29150
2025.06.03,12:00,3359.32300,3363.12900,3333.10300,3350.28400,62497
2025.06.03,16:00,3350.33300,3355.49000,3344.58500,3352.65700,23034
2025.06.03,20:00,3352.61700,3361.65700,3352.46900,3359.93400,11138
2025.06.04,00:00,3359.98900,3372.63700,3346.46100,3359.24600,40436
2025.06.04,04:00,3359.23600,3365.24800,3347.99600,3354.72100,36544
2025.06.04,08:00,3354.67900,3364.99800,3343.72800,3346.57700,35173
2025.06.04,12:00,3346.61300,3384.63700,3344.33000,3371.76400,68736
2025.06.04,16:00,3371.72400,3382.21700,3370.80400,3373.61400,24731
2025.06.04,20:00,3373.56600,3379.08000,3370.50800,3378.04200,12472
2025.06.05,00:00,3378.09900,3384.18300,3368.17200,3369.67400,38005
2025.06.05,04:00,3369.68300,3374.55900,3361.13800,3371.30400,32246
2025.06.05,08:00,3371.30000,3403.59200,3369.64100,3392.29300,49036
2025.06.05,12:00,3392.32700,3400.16100,3339.37000,3344.77900,136284
2025.06.05,16:00,3344.74400,3361.40400,3339.83900,3356.71000,46685
2025.06.05,20:00,3356.67800,3363.57700,3352.01200,3361.81000,16997
2025.06.06,00:00,3361.86700,3371.84400,3356.13300,3369.74700,35032
2025.06.06,04:00,3369.68800,3375.68500,3352.81700,3359.37400,36883
2025.06.06,08:00,3359.41900,3367.73200,3352.70300,3358.30800,32235
2025.06.06,12:00,3358.34500,3364.42100,3316.26900,3332.23100,120851
2025.06.06,16:00,3332.18200,3332.72800,3311.35800,3312.34500,36046
2025.06.06,20:00,3312.38200,3312.89600,3307.05300,3311.70200,5588
2025.06.08,22:05,3317.81900,3321.21400,3309.22800,3318.03800,14556
2025.06.09,00:00,3318.08200,3318.69900,3293.45300,3310.76900,51182
2025.06.09,04:00,3310.79900,3328.65200,3309.24800,3324.23800,31141
2025.06.09,08:00,3324.26900,3325.64500,3312.05700,3317.42400,29503
2025.06.09,12:00,3317.41200,3332.04000,3310.69800,3328.66500,50734
2025.06.09,16:00,3328.66800,3338.21600,3325.89100,3327.23100,25257
2025.06.09,20:00,3327.20100,3329.50000,3321.56200,3326.76600,12438
2025.06.10,00:00,3326.80900,3326.85100,3301.93300,3307.60200,47434
2025.06.10,04:00,3307.59200,3332.17200,3302.78900,3330.18000,43514
2025.06.10,08:00,3330.09000,3342.57100,3326.17000,3333.78000,29651
2025.06.10,12:00,3333.81700,3349.15300,3323.16500,3326.69200,59909
2025.06.10,16:00,3326.65300,3334.53900,3319.35800,3328.71600,28172
2025.06.10,20:00,3328.75700,3328.95800,3315.51700,3327.86200,19981
2025.06.11,00:00,3327.89900,3341.56600,3325.00800,3339.41600,34986
2025.06.11,04:00,3339.39500,3348.53100,3332.52200,3345.69600,31875
2025.06.11,08:00,3345.66400,3346.71700,3326.03800,3333.09700,36304
2025.06.11,12:00,3333.10300,3360.76400,3327.19600,3333.19500,92430
2025.06.11,16:00,3333.29300,3349.26800,3319.19400,3346.84900,50051
2025.06.11,20:00,3346.87600,3373.53400,3346.52200,3365.37600,25937
2025.06.12,00:00,3365.47200,3377.78600,3362.11800,3373.42500,47434
2025.06.12,04:00,3373.43800,3375.78300,3338.57000,3346.16800,43254
2025.06.12,08:00,3346.19200,3388.58100,3346.19200,3379.28500,56766
2025.06.12,12:00,3379.25200,3399.04500,3376.33700,3385.80400,85838
2025.06.12,16:00,3385.90600,3391.37400,3378.09700,3388.13900,31734
2025.06.12,20:00,3388.11100,3396.29600,3379.60600,3395.76300,15140
2025.06.13,00:00,3395.72300,3444.43200,3391.71700,3425.54300,111662
2025.06.13,04:00,3425.51700,3430.31000,3407.84600,3414.93300,55636
2025.06.13,08:00,3414.85800,3427.68400,3411.59900,3422.21700,49419
2025.06.13,12:00,3422.20700,3446.75500,3420.90600,3426.22500,78643
2025.06.13,16:00,3426.25800,3439.47300,3419.21000,3432.30700,40001
2025.06.13,20:00,3432.35200,3434.78000,3428.95500,3433.52100,6173
2025.06.15,22:05,3440.95500,3451.25900,3438.60400,3444.14100,24962
2025.06.16,00:00,3444.16600,3451.24900,3429.26900,3431.42800,51235
2025.06.16,04:00,3431.47500,3433.26100,3409.45900,3412.61900,48919
2025.06.16,08:00,3412.62400,3422.68300,3409.77300,3415.00000,36336
2025.06.16,12:00,3415.04300,3418.12800,3382.72500,3404.60100,86494
2025.06.16,16:00,3404.53400,3404.99200,3382.79000,3383.97500,32394
2025.06.16,20:00,3383.94500,3402.97700,3383.29400,3402.76900,20567
2025.06.17,00:00,3402.81500,3403.28900,3373.46300,3387.58300,52458
2025.06.17,04:00,3387.55700,3396.28900,3381.07400,3387.78300,36311
2025.06.17,08:00,3387.78400,3400.16700,3375.74700,3388.63500,45651
2025.06.17,12:00,3388.65000,3397.50700,3366.07900,3379.28400,79070
2025.06.17,16:00,3379.38600,3392.49900,3376.65100,3385.67500,38518
2025.06.17,20:00,3385.62900,3396.29300,3383.63400,3387.38600,15332
2025.06.18,00:00,3387.29500,3391.52400,3370.65500,3390.96000,35165
2025.06.18,04:00,3390.92800,3399.99700,3377.04300,3385.99100,36564
2025.06.18,08:00,3385.89400,3388.36100,3375.43300,3382.04800,31137
2025.06.18,12:00,3381.99900,3396.85200,3373.83300,3392.74000,58517
2025.06.18,16:00,3392.69800,3395.82000,3362.86700,3366.81800,63142
2025.06.18,20:00,3366.77100,3379.89000,3362.47400,3375.02300,21018
2025.06.19,00:00,3375.04200,3387.89600,3369.71700,3373.60900,35642
2025.06.19,04:00,3373.60600,3375.31800,3347.47400,3365.99200,51763
2025.06.19,08:00,3365.94900,3379.05000,3362.21500,3371.96700,34205
2025.06.19,12:00,3371.97100,3372.96300,3361.52000,3369.26000,41460
2025.06.19,16:00,3369.22300,3374.14000,3366.10800,3373.45500,7486
2025.06.19,22:02,3369.50300,3370.41100,3361.99800,3368.73900,14142
2025.06.20,00:00,3368.76300,3370.35000,3344.60000,3355.50700,40627
2025.06.20,04:00,3355.53900,3357.68900,3340.34500,3347.69100,34464
2025.06.20,08:00,3347.65700,3359.26300,3346.49500,3347.05100,30543
2025.06.20,12:00,3347.09400,3374.47700,3341.84300,3369.85600,54340
2025.06.20,16:00,3369.78600,3373.36500,3364.58300,3365.62500,21451
2025.06.20,20:00,3365.57800,3369.31400,3364.69000,3368.61800,4124
2025.06.22,22:05,3384.11700,3388.91200,3371.17300,3372.75500,26388
2025.06.23,00:00,3372.77600,3373.55100,3351.89600,3363.37200,45477
2025.06.23,04:00,3363.38500,3365.05200,3346.97100,3357.62700,32035
2025.06.23,08:00,3357.67200,3382.04200,3357.67200,3380.59600,32651
2025.06.23,12:00,3380.62700,3389.82000,3355.86900,3387.24000,63778
2025.06.23,16:00,3387.22900,3393.50600,3375.60700,3376.36200,48274
2025.06.23,20:00,3376.32000,3377.29500,3341.44600,3344.31300,32853
2025.06.24,00:00,3344.36800,3357.91200,3333.15700,3352.45800,49949
2025.06.24,04:00,3352.40300,3353.42900,3316.02100,3329.64500,56433
2025.06.24,08:00,3329.65800,3332.32000,3317.82900,3321.21400,35650
2025.06.24,12:00,3321.18100,3321.18100,3295.33900,3313.26100,76713
2025.06.24,16:00,3313.29600,3325.18400,3311.27600,3323.47900,27188
2025.06.24,20:00,3323.52600,3324.88200,3320.84200,3324.13900,10134
2025.06.25,00:00,3324.08700,3335.20900,3323.62700,3328.29500,26390
2025.06.25,04:00,3328.28400,3337.11700,3325.77700,3330.63100,23235
2025.06.25,08:00,3330.65600,3332.41400,3321.39700,3322.64700,29300
2025.06.25,12:00,3322.66000,3329.49400,3311.89400,3325.62400,40261
2025.06.25,16:00,3325.66400,3336.06800,3324.11100,3333.70600,27278
2025.06.25,20:00,3333.74500,3340.15800,3331.27900,3339.02800,13239
2025.06.26,00:00,3338.98700,3343.22300,3329.18100,3337.97000,30044
2025.06.26,04:00,3338.08800,3347.23900,3330.98100,3346.05100,26925
2025.06.26,08:00,3346.06600,3350.37000,3331.46900,3332.92100,30649
2025.06.26,12:00,3332.93700,3344.05600,3309.94600,3324.80800,69837
2025.06.26,16:00,3324.84500,3336.50100,3323.72900,3331.30100,26730
2025.06.26,20:00,3331.40700,3332.32700,3316.22900,3318.75800,13468
2025.06.27,00:00,3318.73100,3322.01200,3292.55700,3294.31800,38501
2025.06.27,04:00,3294.36400,3300.94100,3283.39400,3284.45800,45723
2025.06.27,08:00,3284.43000,3291.13000,3276.00900,3281.38900,40245
2025.06.27,12:00,3281.35800,3282.35700,3255.83600,3274.68000,80287
2025.06.27,16:00,3274.57400,3282.76800,3268.36600,3270.57400,32260
2025.06.27,20:00,3270.61600,3275.49600,3270.28000,3274.59800,4763
2025.06.29,22:05,3272.48800,3274.23400,3247.92100,3263.79400,27933
2025.06.30,00:00,3263.74600,3283.29700,3259.44500,3278.98100,40150
2025.06.30,04:00,3278.99600,3296.85000,3276.96400,3292.87900,28643
2025.06.30,08:00,3292.80200,3296.58200,3274.48800,3277.93200,32241
2025.06.30,12:00,3277.99300,3290.77800,3277.95500,3289.62500,41694
2025.06.30,16:00,3289.66900,3309.44600,3289.07300,3308.53400,26759
2025.06.30,20:00,3308.50200,3314.57700,3302.29800,3312.44100,15535
2025.07.01,00:00,3312.44600,3322.66000,3309.91700,3321.16100,30280
2025.07.01,04:00,3321.17300,3339.89700,3318.89300,3339.49700,30076
2025.07.01,08:00,3339.50100,3353.08200,3336.75300,3349.00000,30781
2025.07.01,12:00,3349.03500,3358.01500,3337.00700,3340.22800,57293
2025.07.01,16:00,3340.21500,3343.52300,3336.81000,3338.04200,25449
2025.07.01,20:00,3338.01200,3343.82600,3336.77100,3338.15200,13762
2025.07.02,00:00,3338.18600,3344.98700,3328.53400,3339.95900,34536
2025.07.02,04:00,3339.92500,3343.95100,3327.58500,3334.61500,28259
2025.07.02,08:00,3334.58200,3347.71100,3332.86900,3342.19900,24984
2025.07.02,12:00,3342.21400,3351.11700,3333.81800,3341.02100,48445
2025.07.02,16:00,3340.94300,3359.51900,3340.94300,3358.25800,22176
2025.07.02,20:00,3358.30200,3365.75200,3348.77000,3349.39500,17802
2025.07.03,00:00,3349.44200,3351.47400,3341.88000,3347.50900,26360
2025.07.03,04:00,3347.43700,3363.67700,3347.38400,3353.07700,26531
2025.07.03,08:00,3353.09600,3358.37400,3342.98700,3346.07300,27273
2025.07.03,12:00,3346.04100,3352.31400,3311.53500,3328.04500,74606
2025.07.03,16:00,3328.10600,3334.86200,3325.66200,3328.74900,15640
2025.07.03,20:00,3328.71300,3332.02500,3323.58200,3330.87100,9801
2025.07.04,00:00,3330.87500,3338.94800,3325.86800,3338.35000,23810
2025.07.04,04:00,3338.30700,3345.12700,3336.38400,3342.94700,24308
2025.07.04,08:00,3342.95000,3344.24700,3331.46600,3334.79500,22775
2025.07.04,12:00,3334.79100,3338.05900,3330.85100,3332.38400,23569
2025.07.04,16:00,3332.35700,3335.95200,3332.22200,3335.07000,2595
2025.07.06,22:05,3341.40800,3341.91100,3326.18700,3328.85300,12010
2025.07.07,00:00,3328.83000,3329.72600,3306.05400,3310.84800,40934
2025.07.07,04:00,3310.89200,3315.21500,3300.64000,3302.21700,35064
2025.07.07,08:00,3302.17500,3312.76300,3296.29600,3301.98200,39706
2025.07.07,12:00,3301.94000,3322.03100,3300.37600,3320.83900,46054
2025.07.07,16:00,3320.80200,3340.43800,3320.08200,3337.02500,29902
2025.07.07,20:00,3337.06400,3345.85200,3333.89900,3334.65300,14651
2025.07.08,00:00,3334.69600,3338.03500,3329.59500,3331.46900,31731
2025.07.08,04:00,3331.39800,3339.50000,3327.30400,3333.89300,25159
2025.07.08,08:00,3333.85200,3333.87700,3319.94000,3324.99900,29578
2025.07.08,12:00,3325.09500,3329.86400,3287.06000,3298.24100,59269
2025.07.08,16:00,3298.24900,3310.37700,3295.91200,3302.99200,36121
2025.07.08,20:00,3303.02000,3304.07400,3297.19900,3302.27700,14011
2025.07.09,00:00,3302.38400,3307.99400,3284.90900,3293.25400,35944
2025.07.09,04:00,3293.24400,3297.83300,3285.49500,3291.85200,32879
2025.07.09,08:00,3291.82200,3295.98700,3282.62600,3284.93600,30225
2025.07.09,12:00,3284.96900,3312.93400,3284.96900,3309.60600,45643
2025.07.09,16:00,3309.55500,3316.87400,3307.88900,3315.65300,23159
2025.07.09,20:00,3315.63600,3321.10400,3311.59000,3317.66100,11209
2025.07.10,00:00,3317.55900,3326.41500,3315.36500,3315.79900,25426
2025.07.10,04:00,3315.68200,3329.40700,3314.79600,3321.04700,23393
2025.07.10,08:00,3321.07100,3330.31800,3318.33100,3320.42400,27495
2025.07.10,12:00,3320.45200,3329.43100,3310.01700,3319.75400,48465
2025.07.10,16:00,3319.71100,3325.90800,3312.10800,3324.82600,22978
2025.07.10,20:00,3324.84000,3326.47600,3321.82600,3323.80800,11378
2025.07.11,00:00,3323.76400,3336.18100,3323.62100,3333.76500,31212
2025.07.11,04:00,3333.74400,3343.82700,3329.53000,3341.83300,31602
2025.07.11,08:00,3341.78900,3350.30500,3332.66900,3347.50700,31856
2025.07.11,12:00,3347.52600,3368.74900,3344.35600,3358.91500,60750
2025.07.11,16:00,3358.88400,3359.75300,3349.19800,3356.42400,27925
2025.07.11,20:00,3356.45900,3358.95900,3353.59700,3355.10500,3743
2025.07.13,22:00,3361.29500,3374.01700,3359.65800,3367.77200,17924
2025.07.14,00:00,3367.73100,3373.28400,3353.86500,3356.96400,33895
2025.07.14,04:00,3356.95200,3375.07800,3353.70600,3371.94800,31320
2025.07.14,08:00,3371.95600,3374.64700,3363.91700,3364.16900,25737
2025.07.14,12:00,3364.19200,3366.61200,3340.99300,3345.10500,47810
2025.07.14,16:00,3345.04400,3351.68400,3343.08200,3344.12500,21802
2025.07.14,20:00,3344.16000,3346.55600,3341.21700,3345.33700,9807
2025.07.15,00:00,3345.29900,3358.36200,3344.75800,3357.84100,22283
2025.07.15,04:00,3357.85300,3365.44800,3357.47000,3364.34700,23685
2025.07.15,08:00,3364.31000,3366.31900,3353.95400,3354.93200,28236
2025.07.15,12:00,3354.89200,3360.38500,3325.34100,3328.97700,65725
2025.07.15,16:00,3328.91700,3331.96200,3320.21800,3330.45500,27986
2025.07.15,20:00,3330.40800,3331.77600,3324.79200,3331.05600,9296
2025.07.16,00:00,3331.09200,3335.08400,3325.05300,3334.33400,23154
2025.07.16,04:00,3334.28100,3341.99600,3332.79800,3337.77800,21237
2025.07.16,08:00,3337.82400,3343.07200,3333.69500,3339.25900,23061
2025.07.16,12:00,3339.21900,3377.55000,3319.52900,3343.52400,115881
2025.07.16,16:00,3343.48300,3357.41000,3338.95800,3347.08000,46661
2025.07.16,20:00,3347.11600,3352.24700,3345.26500,3346.52600,11072
2025.07.17,00:00,3346.55600,3347.40500,3336.24100,3341.49900,23663
2025.07.17,04:00,3341.51100,3344.72600,3325.20800,3325.88600,27041
2025.07.17,08:00,3325.92500,3332.52300,3322.35800,3324.25400,24864
2025.07.17,12:00,3324.26100,3338.45100,3309.88300,3336.67500,57669
2025.07.17,16:00,3336.72000,3341.07100,3335.37800,3339.76300,20714
2025.07.17,20:00,3339.79900,3344.01900,3337.40900,3340.21400,11375
2025.07.18,00:00,3340.16400,3344.22400,3334.03800,3334.60000,23961
2025.07.18,04:00,3334.59800,3350.10600,3331.77700,3349.82300,23380
2025.07.18,08:00,3349.84900,3357.69900,3346.23700,3354.41900,23981
2025.07.18,12:00,3354.45800,3361.21200,3351.13700,3353.70500,41093
2025.07.18,16:00,3353.61300,3357.49400,3347.66800,3348.32500,21896
2025.07.18,20:00,3348.27900,3352.09800,3347.80400,3350.39500,3474
2025.07.20,22:05,3348.76700,3350.11500,3344.96500,3349.11000,7793
2025.07.21,00:00,3349.16800,3358.64100,3347.69600,3351.28600,21829
2025.07.21,04:00,3351.27500,3370.78500,3350.61800,3364.76300,25806
2025.07.21,08:00,3364.80000,3375.63100,3362.67400,3375.30200,23035
2025.07.21,12:00,3375.27100,3401.57500,3374.53000,3397.99400,51303
2025.07.21,16:00,3397.98300,3399.78700,3391.46800,3398.80800,26125
2025.07.21,20:00,3398.74400,3402.78300,3393.20800,3396.53200,11303
2025.07.22,00:00,3396.54000,3397.66500,3385.14800,3392.62800,28701
2025.07.22,04:00,3392.58700,3392.58700,3383.24000,3387.56700,23101
2025.07.22,08:00,3387.52400,3391.67500,3384.52800,3391.38100,22430
2025.07.22,12:00,3391.33400,3430.61400,3391.03300,3426.59700,65265
2025.07.22,16:00,3426.64000,3433.50700,3426.25700,3431.63400,29382
2025.07.22,20:00,3431.59600,3433.33500,3426.28300,3427.45800,13418
2025.07.23,00:00,3427.43300,3438.92100,3419.17600,3423.15300,37793
2025.07.23,04:00,3423.06300,3429.70500,3416.32200,3420.72000,27777
2025.07.23,08:00,3420.75400,3433.85100,3420.30500,3428.18000,27289
2025.07.23,12:00,3428.17000,3429.92800,3398.20600,3398.20600,52104
2025.07.23,16:00,3398.10600,3398.10600,3381.37500,3390.08100,51447
2025.07.23,20:00,3390.12200,3392.51600,3386.12100,3390.00800,11417
2025.07.24,00:00,3390.04700,3393.43800,3374.78200,3383.76200,36764
2025.07.24,04:00,3383.66600,3385.38900,3365.98200,3367.75700,29099
2025.07.24,08:00,3367.76700,3374.65600,3361.25300,3362.29400,26531
2025.07.24,12:00,3362.25400,3377.43000,3351.31500,3372.54100,52128
2025.07.24,16:00,3372.51500,3373.70200,3366.21900,3370.47800,21029
2025.07.24,20:00,3370.51700,3371.45700,3365.10500,3369.42200,11770
2025.07.25,00:00,3369.51200,3373.55400,3358.61300,3359.19400,22074
2025.07.25,04:00,3359.17600,3363.50100,3352.63600,3354.13100,22800
2025.07.25,08:00,3354.11600,3355.35800,3338.62100,3340.96800,24159
2025.07.25,12:00,3341.00800,3347.49800,3324.92800,3327.89600,56705
2025.07.25,16:00,3327.84400,3340.28400,3326.16100,3337.80400,22016
2025.07.25,20:00,3337.76900,3339.16700,3336.21700,3336.86900,3543
2025.07.27,22:05,3329.14400,3337.46500,3323.79200,3333.68300,15968
2025.07.28,00:00,3333.67500,3343.31600,3327.64000,3343.24600,29818
2025.07.28,04:00,3343.19900,3345.35200,3333.78500,3334.88200,25138
2025.07.28,08:00,3334.87900,3340.78000,3332.38200,3336.59300,26151
2025.07.28,12:00,3336.62200,3338.36900,3301.78800,3314.76400,57944
2025.07.28,16:00,3314.73600,3318.89000,3308.82000,3317.16100,21697
2025.07.28,20:00,3317.19500,3318.40900,3310.48500,3312.46800,12556
2025.07.29,00:00,3312.48500,3320.86100,3307.84300,3312.57600,27312
2025.07.29,04:00,3312.58000,3322.43000,3308.95900,3317.13300,29762
2025.07.29,08:00,3317.13900,3329.97600,3314.88400,3315.27800,30138
2025.07.29,12:00,3315.24900,3334.10300,3311.89000,3320.75100,52050
2025.07.29,16:00,3320.80000,3330.90600,3319.04600,3324.93800,24382
2025.07.29,20:00,3324.98900,3329.17100,3324.69700,3327.55000,8700
2025.07.30,00:00,3327.52700,3333.67300,3321.82900,3328.42900,25592
2025.07.30,04:00,3328.38200,3332.14900,3323.05300,3327.75100,22347
2025.07.30,08:00,3327.78400,3334.05200,3323.96600,3330.85600,27279
2025.07.30,12:00,3330.84300,3331.90400,3288.57500,3290.46500,58391
2025.07.30,16:00,3290.45000,3304.76700,3268.03400,3269.11600,66908
2025.07.30,20:00,3269.15500,3285.80000,3268.91200,3285.30300,17424
2025.07.31,00:00,3285.25700,3298.55000,3282.80200,3295.08600,32037
2025.07.31,04:00,3295.04200,3309.77100,3293.64400,3304.74500,26556
2025.07.31,08:00,3304.68200,3314.81200,3293.79800,3306.11100,34914
2025.07.31,12:00,3306.08600,3311.16400,3291.30000,3295.43700,55748
2025.07.31,16:00,3295.40300,3298.43000,3289.61700,3290.98900,28878
2025.07.31,20:00,3290.95300,3295.17200,3287.96700,3288.65100,12406
2025.08.01,00:00,3288.60700,3297.10600,3281.59000,3291.43500,29143
2025.08.01,04:00,3291.43700,3300.45300,3285.24700,3286.86100,27009
2025.08.01,08:00,3286.82300,3303.04800,3285.24700,3300.30900,26951
2025.08.01,12:00,3300.34200,3355.11400,3297.38500,3348.56700,99233
2025.08.01,16:00,3348.53200,3361.31600,3340.53200,3357.18500,36110
2025.08.01,20:00,3357.23900,3363.56600,3357.02800,3363.11900,5131
2025.08.03,22:05,3364.33900,3364.52100,3354.57700,3361.95700,12418
2025.08.04,00:00,3361.99000,3362.38600,3345.00600,3360.25500,28259
2025.08.04,04:00,3360.25900,3362.67100,3351.68500,3355.90400,24879
2025.08.04,08:00,3355.93000,3370.74900,3352.88600,3370.26300,25887
2025.08.04,12:00,3370.26200,3385.40800,3361.03700,3374.30600,44515
2025.08.04,16:00,3374.30500,3378.15300,3370.57100,3375.97100,20816
2025.08.04,20:00,3375.91700,3379.70300,3373.41500,3377.40700,9103
2025.08.05,00:00,3377.38300,3382.39800,3372.05700,3372.05700,21278
2025.08.05,04:00,3372.10700,3375.49900,3365.68800,3373.65400,22505
2025.08.05,08:00,3373.64400,3374.60700,3349.80300,3351.40800,26519
2025.08.05,12:00,3351.36900,3390.03300,3349.90300,3389.49000,47633
2025.08.05,16:00,3389.52700,3390.45200,3376.89000,3378.98000,23123
2025.08.05,20:00,3378.94300,3383.97400,3378.16400,3383.18600,8321
2025.08.06,00:00,3383.19300,3385.34000,3373.04600,3374.60700,22159
2025.08.06,04:00,3374.59000,3378.65000,3368.95300,3373.61700,19763
2025.08.06,08:00,3373.50900,3374.72300,3358.09100,3365.17400,25102
2025.08.06,12:00,3365.15600,3379.97500,3360.14100,3377.43100,41759
2025.08.06,16:00,3377.39200,3379.43900,3368.98300,3371.66700,23060
2025.08.06,20:00,3371.61400,3374.79600,3367.13300,3370.15500,13196
2025.08.07,00:00,3370.20500,3384.14600,3365.19200,3379.69600,29563
2025.08.07,04:00,3379.73200,3397.44600,3371.64800,3396.15500,30034
2025.08.07,08:00,3396.18900,3396.60300,3371.72600,3378.18300,47691
2025.08.07,12:00,3378.19900,3393.88200,3375.26100,3390.10200,70095
2025.08.07,16:00,3390.13900,3400.87200,3384.29000,3399.65900,31737
2025.08.07,20:00,3399.71200,3409.01900,3389.02500,3400.47000,49225
2025.08.08,00:00,3400.43200,3402.35600,3381.08200,3395.84000,66870
2025.08.08,04:00,3395.81800,3404.27100,3388.70900,3402.07400,48509
2025.08.08,08:00,3402.13200,3402.63100,3380.36100,3386.24900,56169
2025.08.08,12:00,3386.20600,3401.94400,3381.10500,3395.24800,87437
2025.08.08,16:00,3395.28400,3404.29500,3376.44500,3398.56600,91814
2025.08.08,20:00,3398.61800,3398.89800,3392.42100,3398.56400,7306
2025.08.10,22:05,3400.57800,3401.81900,3390.29200,3391.54800,14076
2025.08.11,00:00,3391.59200,3391.63900,3367.67800,3378.25700,41309
2025.08.11,04:00,3378.25300,3380.05900,3357.10800,3360.06900,39222
2025.08.11,08:00,3360.11200,3365.82500,3349.85200,3355.23000,39012
2025.08.11,12:00,3355.22600,3362.90200,3341.40900,3349.40500,49815
2025.08.11,16:00,3349.50200,3358.82900,3341.27300,3351.69600,33188
2025.08.11,20:00,3351.66200,3351.78500,3342.17500,3349.02700,14106
2025.08.12,00:00,3349.01000,3357.46600,3346.15500,3349.39000,26662
2025.08.12,04:00,3349.43700,3358.17600,3342.24600,3355.53900,30555
2025.08.12,08:00,3355.51200,3355.84700,3336.06800,3347.46900,28007
2025.08.12,12:00,3347.46400,3359.21500,3331.08000,3349.81400,87261
2025.08.12,16:00,3349.88700,3351.25900,3345.51600,3347.56300,24428
2025.08.12,20:00,3347.54900,3353.72700,3346.01200,3350.57000,10154
2025.08.13,00:00,3350.58000,3354.45700,3342.70400,3349.59300,26154
2025.08.13,04:00,3349.61500,3361.00400,3345.69200,3354.72300,24223
2025.08.13,08:00,3354.68800,3367.12100,3352.84800,3362.28100,26645
2025.08.13,12:00,3362.31400,3370.78000,3354.10300,3357.74600,39366
2025.08.13,16:00,3357.77800,3360.92000,3349.90000,3357.81200,17679
2025.08.13,20:00,3357.85600,3363.44600,3355.63300,3362.70200,9414
2025.08.14,00:00,3362.72300,3374.83900,3355.38000,3360.46400,30575
2025.08.14,04:00,3360.49600,3366.48300,3343.59100,3345.98400,30207
2025.08.14,08:00,3345.95800,3359.16900,3341.44700,3355.40000,32596
2025.08.14,12:00,3355.43100,3358.39300,3334.22300,3341.75700,62170
2025.08.14,16:00,3341.72300,3342.11800,3329.83800,3337.96500,24888
2025.08.14,20:00,3338.01900,3338.54900,3332.19300,3335.55100,10540
2025.08.15,00:00,3335.58000,3344.86300,3332.37200,3343.45000,22697
2025.08.15,04:00,3343.41200,3348.73000,3340.09300,3346.14700,23251
2025.08.15,08:00,3346.10700,3348.26800,3336.24300,3342.35900,27181
2025.08.15,12:00,3342.36200,3345.96900,3332.88300,3342.31200,42488
2025.08.15,16:00,3342.35000,3342.53800,3334.38700,3339.14300,18817
2025.08.15,20:00,3339.14600,3339.43500,3335.14100,3335.21300,3325
2025.08.17,22:05,3334.56900,3335.38100,3323.50300,3327.09400,10017
2025.08.18,00:00,3327.08000,3351.84100,3326.72700,3347.15600,28428
2025.08.18,04:00,3347.11200,3358.41800,3346.00300,3349.02200,26137
2025.08.18,08:00,3348.98400,3351.73400,3344.47500,3345.45600,20635
2025.08.18,12:00,3345.50000,3348.83900,3332.19900,3335.66900,31817
2025.08.18,16:00,3335.70200,3335.88400,3330.17900,3333.62300,16871
2025.08.18,20:00,3333.66700,3334.72000,3330.55700,3330.97800,7909
2025.08.19,00:00,3330.99000,3341.66300,3326.07000,3337.78700,30053
2025.08.19,04:00,3337.74500,3341.84500,3334.40000,3340.72200,21604
2025.08.19,08:00,3340.69500,3345.32400,3336.42700,3339.76700,19075
2025.08.19,12:00,3339.76800,3340.54400,3320.88400,3322.66900,41451
2025.08.19,16:00,3322.71100,3324.43500,3314.85300,3315.96500,21512
2025.08.19,20:00,3315.92300,3317.63700,3312.77100,3314.23100,9536
2025.08.20,00:00,3314.24100,3318.64800,3311.47600,3317.51700,25094
2025.08.20,04:00,3317.54700,3327.59700,3317.17700,3324.81300,20518
2025.08.20,08:00,3324.76900,3332.91000,3320.88600,3332.31000,22296
2025.08.20,12:00,3332.32000,3350.32200,3332.04600,3340.59400,36840
2025.08.20,16:00,3340.70300,3349.26300,3340.65000,3348.82100,18459
2025.08.20,20:00,3348.77300,3352.09200,3346.37400,3346.83600,10383
2025.08.21,00:00,3346.90600,3346.90600,3339.68700,3339.85800,20099
2025.08.21,04:00,3339.88700,3341.51000,3334.28300,3339.62900,19035
2025.08.21,08:00,3339.66500,3342.21000,3325.12600,3333.56900,23536
2025.08.21,12:00,3333.60400,3348.11200,3333.60400,3343.64700,46777
2025.08.21,16:00,3343.59700,3343.96500,3336.54400,3338.82300,17367
2025.08.21,20:00,3338.86300,3340.64000,3337.35600,3338.41100,7627
2025.08.22,00:00,3338.36700,3340.22500,3331.61300,3331.97600,19875
2025.08.22,04:00,3331.96300,3335.02600,3325.71100,3327.46500,20249
2025.08.22,08:00,3327.42800,3331.77100,3325.33200,3329.34600,19628
2025.08.22,12:00,3329.34200,3378.86900,3321.44100,3367.91400,72813
2025.08.22,16:00,3367.89000,3375.50100,3367.83200,3373.21300,22543
2025.08.22,20:00,3373.28500,3373.67700,3370.15400,3372.29900,3362
2025.08.24,22:05,3368.74400,3371.05200,3365.84800,3369.08000,7185
2025.08.25,00:00,3369.04100,3369.70300,3359.81100,3367.26300,21124
2025.08.25,04:00,3367.37100,3369.88800,3363.02900,3366.22600,16179
2025.08.25,08:00,3366.22900,3371.51400,3361.93000,3370.59400,16277
2025.08.25,12:00,3370.59200,3376.30600,3362.18500,3374.06800,26826
2025.08.25,16:00,3374.00000,3374.84400,3365.19300,3365.42100,16579
2025.08.25,20:00,3365.46500,3367.13200,3351.68300,3354.82700,12430
2025.08.26,00:00,3354.87800,3386.48800,3351.23800,3372.21600,45567
2025.08.26,04:00,3372.21700,3379.12100,3367.26600,3376.72600,24762
2025.08.26,08:00,3376.73300,3380.36000,3367.26600,3377.49000,25542
2025.08.26,12:00,3377.52000,3389.45700,3370.37400,3386.68800,36559
2025.08.26,16:00,3386.67500,3390.81800,3380.22000,3389.65800,19079
2025.08.26,20:00,3389.68900,3393.58300,3388.72000,3390.86200,10027
2025.08.27,00:00,3390.85300,3393.52900,3380.57700,3380.63300,21180
2025.08.27,04:00,3380.67700,3381.93000,3373.75500,3381.39300,21534
2025.08.27,08:00,3381.37400,3385.49000,3373.69800,3376.82200,23973
2025.08.27,12:00,3376.84400,3390.42000,3374.25500,3387.89800,34356
2025.08.27,16:00,3387.91700,3398.85800,3387.47800,3396.21000,21051
2025.08.27,20:00,3396.17200,3399.50200,3394.13700,3395.81900,10574
2025.08.28,00:00,3395.74900,3398.02900,3384.63700,3390.12600,23576
2025.08.28,04:00,3390.20600,3397.69600,3387.60800,3395.75200,20113
2025.08.28,08:00,3395.75100,3407.65800,3393.84500,3404.10700,24014
2025.08.28,12:00,3404.13500,3413.49000,3394.28100,3410.90100,40890
2025.08.28,16:00,3410.89700,3423.21200,3409.87200,3422.07000,21980
2025.08.28,20:00,3422.11000,3422.52100,3414.75700,3414.81900,9000
2025.08.29,00:00,3414.85000,3417.88500,3407.95600,3410.86400,20268
2025.08.29,04:00,3410.84300,3412.65300,3406.53700,3412.19700,18568
2025.08.29,08:00,3412.16100,3414.87900,3404.30900,3410.72500,20302
2025.08.29,12:00,3410.65500,3447.63300,3406.70800,3445.49400,44101
2025.08.29,16:00,3445.48700,3453.92400,3440.98800,3452.60500,29491
2025.08.29,20:00,3452.64000,3452.73400,3445.76800,3448.03500,5528
2025.08.31,22:05,3445.86600,3452.60600,3442.45900,3447.95200,9788
2025.09.01,00:00,3447.91200,3486.10700,3437.02800,3474.52300,51989
2025.09.01,04:00,3474.49100,3489.92800,3467.76400,3477.84500,35498
2025.09.01,08:00,3477.88600,3479.87900,3466.27600,3470.03700,31330
2025.09.01,12:00,3470.05800,3481.29800,3467.07600,3474.07900,27353
2025.09.01,16:00,3474.09000,3478.89000,3472.35000,3476.76000,7251
2025.09.01,22:02,3476.29900,3481.51600,3474.52700,3479.21100,11446
2025.09.02,00:00,3479.18300,3508.74100,3476.89700,3495.00800,44074
2025.09.02,04:00,3494.97400,3498.34700,3472.07200,3476.85700,36097
2025.09.02,08:00,3476.95500,3490.11600,3470.21800,3489.72700,39243
2025.09.02,12:00,3489.68700,3520.30000,3474.19000,3520.30000,77974
2025.09.02,16:00,3520.32700,3540.12200,3518.17500,3536.94100,34730
2025.09.02,20:00,3536.99000,3537.72800,3526.29300,3529.98400,15195
2025.09.03,00:00,3530.01000,3546.95000,3528.02200,3530.81500,45419
2025.09.03,04:00,3530.87700,3538.31900,3526.80600,3533.85400,30465
2025.09.03,08:00,3533.87400,3549.59400,3532.29200,3547.55100,33003
2025.09.03,12:00,3547.53500,3567.40400,3541.34000,3563.95300,69357
2025.09.03,16:00,3563.95000,3578.42700,3561.16900,3563.52700,36641
2025.09.03,20:00,3563.57300,3566.03100,3554.38500,3560.29200,21549
2025.09.04,00:00,3560.34100,3563.47300,3511.17200,3529.14700,58075
2025.09.04,04:00,3529.18200,3541.70100,3524.44000,3541.13700,35708
2025.09.04,08:00,3541.09000,3549.83700,3536.55800,3545.46400,34106
2025.09.04,12:00,3545.41900,3558.82500,3535.04200,3552.82900,65867
2025.09.04,16:00,3552.84800,3556.22700,3542.52600,3549.80000,25985
2025.09.04,20:00,3549.83600,3554.50000,3539.90900,3552.71700,14262
2025.09.05,00:00,3552.76700,3559.07400,3545.95800,3558.34400,31296
2025.09.05,04:00,3558.35900,3561.15000,3546.63500,3548.19700,26276
2025.09.05,08:00,3548.16100,3555.20100,3544.72100,3553.22800,26334
2025.09.05,12:00,3553.25400,3597.89300,3548.80200,3592.00500,113036
2025.09.05,16:00,3592.04600,3600.07600,3590.50400,3594.73700,35139
2025.09.05,20:00,3594.70400,3595.35900,3586.37600,3586.59700,5909
2025.09.07,22:05,3591.85600,3596.71600,3587.11200,3591.19600,23699
2025.09.08,00:00,3591.11000,3597.16800,3582.92600,3583.56700,45092
2025.09.08,04:00,3583.51800,3613.58700,3579.57700,3609.48300,31507
2025.09.08,08:00,3609.57100,3622.49600,3607.13200,3619.92600,32357
2025.09.08,12:00,3619.88600,3646.31600,3614.77500,3639.26100,65036
2025.09.08,16:00,3639.33600,3641.74600,3631.81600,3636.55500,28266
2025.09.08,20:00,3636.65200,3637.94500,3628.22300,3634.99200,13979
2025.09.09,00:00,3635.02300,3654.59700,3633.47400,3645.83800,39781
2025.09.09,04:00,3645.86800,3659.29900,3636.48500,3644.36300,43714
2025.09.09,08:00,3644.29800,3656.68700,3641.96900,3648.00000,33238
2025.09.09,12:00,3648.07200,3674.54400,3626.82000,3645.44100,105144
2025.09.09,16:00,3645.40600,3649.43400,3628.51300,3629.36200,29815
2025.09.09,20:00,3629.32500,3640.75400,3623.12000,3633.56800,19581
2025.09.10,00:00,3633.54300,3638.30300,3620.18000,3636.47900,41513
2025.09.10,04:00,3636.53400,3648.46700,3636.48800,3644.10300,28062
2025.09.10,08:00,3644.14100,3657.57700,3641.99500,3649.28200,28439
2025.09.10,12:00,3649.29800,3657.41700,3638.43800,3644.49500,57489
2025.09.10,16:00,3644.46500,3649.72000,3635.06400,3641.89800,25489
2025.09.10,20:00,3641.86400,3645.55200,3637.99700,3644.91500,12568
2025.09.11,00:00,3644.87400,3649.10200,3629.81900,3632.00500,31334
2025.09.11,04:00,3632.07200,3637.99600,3622.66600,3629.81100,33847
2025.09.11,08:00,3629.84500,3631.74700,3614.13600,3616.75600,30304
2025.09.11,12:00,3616.81200,3643.90700,3613.08200,3633.06000,76332
2025.09.11,16:00,3633.10200,3641.87900,3630.29800,3636.94500,27485
2025.09.11,20:00,3636.90900,3638.26000,3631.58400,3631.84200,9627
2025.09.12,00:00,3631.81000,3653.28600,3630.51800,3652.84900,33760
2025.09.12,04:00,3652.81000,3656.62000,3647.77200,3648.30100,25484
2025.09.12,08:00,3648.24200,3652.16800,3637.70700,3647.04400,31954
2025.09.12,12:00,3647.07600,3654.32000,3638.24200,3644.51500,46618
2025.09.12,16:00,3644.53900,3650.61500,3642.70700,3644.16400,18864
2025.09.12,20:00,3644.20400,3645.39100,3641.34700,3643.48400,4080
2025.09.14,22:05,3644.61000,3645.99600,3636.77200,3638.24100,7104
2025.09.15,00:00,3638.23700,3646.42200,3626.54100,3646.01900,32543
2025.09.15,04:00,3646.03000,3646.89200,3633.75400,3643.82100,24205
2025.09.15,08:00,3643.90000,3646.70100,3635.68300,3642.66100,28339
2025.09.15,12:00,3642.68600,3681.93800,3636.95700,3680.43500,47384
2025.09.15,16:00,3680.49700,3685.62300,3674.77500,3680.95500,29613
2025.09.15,20:00,3680.91200,3681.98600,3676.07100,3676.97700,10769
2025.09.16,00:00,3676.88600,3689.45400,3674.71800,3681.13500,33586
2025.09.16,04:00,3681.06200,3694.21100,3680.17900,3686.47000,25423
2025.09.16,08:00,3686.43100,3699.51200,3686.13200,3697.16600,28508
2025.09.16,12:00,3697.20300,3703.14500,3678.86800,3686.14200,60501
2025.09.16,16:00,3686.21000,3691.22600,3684.61300,3689.61000,23160
2025.09.16,20:00,3689.66800,3695.24300,3689.47500,3694.24500,9470
2025.09.17,00:00,3694.24400,3695.37800,3674.21800,3681.68800,33154
2025.09.17,04:00,3681.74400,3685.83500,3666.59300,3667.19900,29628
2025.09.17,08:00,3667.15500,3670.97300,3659.84300,3665.97500,35263
2025.09.17,12:00,3666.00800,3687.20800,3665.54300,3684.16700,39149
2025.09.17,16:00,3684.19700,3707.44700,3646.05400,3661.73000,128102
2025.09.17,20:00,3661.75500,3672.02100,3655.58200,3669.16900,19087
2025.09.18,00:00,3669.10000,3669.99400,3651.82600,3658.50600,41284
2025.09.18,04:00,3658.55400,3659.86400,3633.79500,3659.01800,46413
2025.09.18,08:00,3658.97100,3673.01700,3653.68700,3667.19300,34778
2025.09.18,12:00,3667.23300,3672.45200,3627.74400,3641.31500,83175
2025.09.18,16:00,3641.34600,3647.26000,3640.50600,3646.61100,28093
2025.09.18,20:00,3646.66300,3647.25700,3637.71100,3640.23900,9707
2025.09.19,00:00,3640.24200,3656.39300,3632.20300,3653.72200,40668
2025.09.19,04:00,3653.66000,3661.22200,3643.24500,3653.87400,35627
2025.09.19,08:00,3653.83500,3659.22800,3645.67600,3648.42100,26971
2025.09.19,12:00,3648.44400,3676.03200,3643.75800,3670.71000,55447
2025.09.19,16:00,3670.82400,3685.23600,3666.60200,3684.46200,27206
2025.09.19,20:00,3684.35300,3685.03800,3680.83600,3684.86100,4018
2025.09.21,22:05,3687.96900,3692.32400,3683.77600,3686.26300,12032
2025.09.22,00:00,3686.22200,3697.53200,3685.46600,3695.44200,39669
2025.09.22,04:00,3695.45300,3719.85700,3690.10200,3713.22600,38080
2025.09.22,08:00,3713.19300,3728.31300,3712.31400,3724.60600,33749
2025.09.22,12:00,3724.64300,3736.39500,3712.05400,3736.10900,66971
2025.09.22,16:00,3736.12600,3748.79300,3735.20100,3747.68200,27897
2025.09.22,20:00,3747.65700,3749.25400,3738.27300,3747.79700,15201
2025.09.23,00:00,3747.82900,3759.30500,3736.72200,3746.47700,48717
2025.09.23,04:00,3746.48900,3758.76800,3743.09200,3753.43500,36278
2025.09.23,08:00,3753.39600,3791.12700,3752.96500,3783.59300,48418
2025.09.23,12:00,3783.62500,3788.81500,3767.61700,3779.33800,68507
2025.09.23,16:00,3779.37000,3785.70400,3751.85600,3764.26300,62321
2025.09.23,20:00,3764.24800,3770.19300,3761.56100,3763.81700,14812
2025.09.24,00:00,3763.82200,3771.85800,3750.59700,3765.45400,43501
2025.09.24,04:00,3765.42200,3779.22900,3763.21800,3777.35800,31407
2025.09.24,08:00,3777.39100,3777.76300,3759.62900,3768.95800,30547
2025.09.24,12:00,3768.93200,3773.04400,3739.61400,3741.11400,69138
2025.09.24,16:00,3741.07900,3745.21500,3717.42700,3730.03200,44126
2025.09.24,20:00,3730.09800,3745.31900,3729.94100,3742.92000,13968
2025.09.25,00:00,3742.92800,3751.53900,3729.42200,3736.57800,41347
2025.09.25,04:00,3736.58100,3755.00100,3731.73000,3752.21300,36636
2025.09.25,08:00,3752.17400,3761.67300,3741.02800,3753.05600,45904
2025.09.25,12:00,3753.01800,3755.92600,3721.93100,3735.82800,97086
2025.09.25,16:00,3735.84800,3758.29600,3732.32600,3746.52300,45491
2025.09.25,20:00,3746.56000,3752.49900,3738.05100,3744.71700,18003
2025.09.26,00:00,3744.67600,3753.31700,3734.46400,3745.43500,40166
2025.09.26,04:00,3745.47400,3754.16500,3739.18100,3747.97100,34214
2025.09.26,08:00,3747.99100,3755.20600,3742.90300,3748.70600,29860
2025.09.26,12:00,3748.66200,3783.85000,3746.51300,3780.37300,82058
2025.09.26,16:00,3780.33200,3783.17600,3764.61700,3766.69400,42304
2025.09.26,20:00,3766.74300,3769.56100,3760.05000,3761.04100,6542
2025.09.28,22:05,3764.71800,3772.49100,3763.32200,3766.89900,12983
2025.09.29,00:00,3766.85800,3799.43900,3763.93300,3794.34000,74502
2025.09.29,04:00,3794.35500,3819.87400,3792.46500,3806.34300,61495
2025.09.29,08:00,3806.38100,3831.36000,3806.38100,3828.91600,44044
2025.09.29,12:00,3828.86500,3833.19600,3809.18900,3830.35100,86504
2025.09.29,16:00,3830.34500,3833.58500,3822.60500,3828.79200,37077
2025.09.29,20:00,3828.75000,3834.02500,3825.65600,3832.83500,14614
2025.09.30,00:00,3832.89000,3867.20500,3831.09800,3864.77200,52217
2025.09.30,04:00,3864.73100,3871.69800,3839.47100,3843.81100,53228
2025.09.30,08:00,3843.84300,3847.24400,3793.07300,3815.18900,93152
2025.09.30,12:00,3815.12800,3854.54300,3808.82800,3838.95200,101720
2025.09.30,16:00,3838.89400,3860.80800,3837.77900,3859.05000,38030
2025.09.30,20:00,3859.09000,3863.08000,3850.70200,3862.92700,19818
2025.10.01,00:00,3862.94000,3875.60000,3855.53800,3862.19400,43329
2025.10.01,04:00,3862.19700,3879.84700,3853.33400,3879.19900,45207
2025.10.01,08:00,3879.23700,3895.37600,3878.05900,3883.51200,48622
2025.10.01,12:00,3883.60000,3891.12200,3856.11000,3868.40000,120571
2025.10.01,16:00,3868.36400,3871.89400,3854.89600,3867.71500,44744
2025.10.01,20:00,3867.73100,3867.88300,3857.50000,3863.51800,20159
2025.10.02,00:00,3863.47500,3870.02100,3852.83200,3866.58700,36458
2025.10.02,04:00,3866.55200,3874.82200,3861.69700,3868.55800,35165
2025.10.02,08:00,3868.45900,3886.69600,3864.65900,3886.31300,35926
2025.10.02,12:00,3886.27700,3897.15400,3819.33500,3828.36400,136682
2025.10.02,16:00,3828.31600,3859.10400,3827.17300,3855.55400,55506
2025.10.02,20:00,3855.60300,3863.76300,3852.14600,3862.41000,14645
2025.10.03,00:00,3862.36500,3862.77900,3837.99500,3842.75700,45082
2025.10.03,04:00,3842.71100,3865.31300,3841.60200,3864.19600,37576
2025.10.03,08:00,3864.22900,3867.66000,3854.65400,3862.11200,35879
2025.10.03,12:00,3862.14100,3891.61700,3860.44800,3889.44000,96456
2025.10.03,16:00,3889.41900,3889.78800,3876.88300,3885.56800,47151
2025.10.03,20:00,3885.53700,3887.22800,3882.84500,3887.04500,4697
2025.10.05,22:05,3888.62400,3920.98600,3884.03400,3909.45000,35416
2025.10.06,00:00,3909.48700,3932.01600,3898.93100,3929.58400,55102
2025.10.06,04:00,3929.62500,3945.20500,3922.44900,3941.61700,71004
2025.10.06,08:00,3941.65100,3949.59600,3931.00400,3938.25600,61933
2025.10.06,12:00,3938.22600,3964.15500,3926.47800,3962.48600,103877
2025.10.06,16:00,3962.45400,3969.99900,3945.79900,3959.45100,54489
2025.10.06,20:00,3959.41500,3976.19800,3957.39700,3969.51400,32029
2025.10.07,00:00,3969.55400,3977.47500,3955.82900,3973.39500,50060
2025.10.07,04:00,3973.42600,3976.90400,3943.29100,3945.91800,64691
2025.10.07,08:00,3945.87200,3969.16000,3940.82000,3966.97800,49871
2025.10.07,12:00,3966.95700,3991.05900,3961.80700,3966.15300,104649
2025.10.07,16:00,3966.19800,3987.71100,3963.16400,3980.14000,62222
2025.10.07,20:00,3980.19500,3995.94600,3980.16600,3994.41100,16584
2025.10.08,00:00,3994.36700,4016.52700,3984.50200,4014.81900,50916
2025.10.08,04:00,4014.93800,4039.05800,4014.63700,4034.16500,57617
2025.10.08,08:00,4034.22400,4049.61100,4030.82900,4037.89900,51937
2025.10.08,12:00,4037.93100,4050.71900,4026.34200,4045.64700,92519
2025.10.08,16:00,4045.69400,4059.32100,4032.08200,4044.82900,75423
2025.10.08,20:00,4044.80400,4046.68600,4001.23000,4011.70800,40229
2025.10.09,00:00,4011.70600,4036.30000,4002.48400,4026.76100,93511
2025.10.09,04:00,4026.72000,4043.74400,4022.63100,4031.58200,59717
2025.10.09,08:00,4031.48000,4046.78800,4030.22100,4044.48800,44289
2025.10.09,12:00,4044.45000,4057.98100,4003.97900,4014.47100,169750
2025.10.09,16:00,4014.43300,4021.75700,3944.60000,3973.03300,150547
2025.10.09,20:00,3973.08700,3990.83300,3958.51400,3989.93200,32609
2025.10.10,00:00,3989.92700,3994.42200,3960.79500,3961.96300,70676
2025.10.10,04:00,3961.93400,3977.90900,3946.91000,3971.99000,79406
2025.10.10,08:00,3971.99800,4006.76000,3970.09800,3987.20700,73033
2025.10.10,12:00,3987.23500,4022.80500,3970.60400,3997.97700,160175
2025.10.10,16:00,3998.01100,4021.31500,3974.97500,4011.60900,116968
2025.10.10,20:00,4011.65200,4020.90300,4005.64800,4010.39900,17170
2025.10.12,22:05,4014.46300,4060.24300,4008.64500,4035.14700,49734
2025.10.13,00:00,4035.19500,4059.92600,4024.30000,4051.91900,99595
2025.10.13,04:00,4051.92200,4078.20600,4050.97400,4071.17600,70519
2025.10.13,08:00,4071.13500,4085.28800,4069.05700,4073.98600,55109
2025.10.13,12:00,4073.98700,4107.41200,4073.17300,4104.90800,91441
2025.10.13,16:00,4104.95000,4117.10300,4090.70100,4108.59600,63375
2025.10.13,20:00,4108.55800,4132.06900,4106.02400,4128.04500,29154
2025.10.14,00:00,4128.09100,4166.48600,4119.56800,4163.37300,89467
2025.10.14,04:00,4163.41400,4179.71900,4090.60300,4126.24500,180342
2025.10.14,08:00,4126.21200,4145.24700,4121.78200,4130.51100,97216
2025.10.14,12:00,4130.47300,4142.71600,4097.76200,4137.98900,153529
2025.10.14,16:00,4138.03000,4155.31600,4127.90000,4141.56400,92817
2025.10.14,20:00,4141.59900,4167.14400,4139.13800,4161.61300,29820
2025.10.15,00:00,4161.57400,4190.86300,4153.83500,4187.05100,79704
2025.10.15,04:00,4187.09900,4209.79900,4173.25300,4207.69000,55500
2025.10.15,08:00,4207.73200,4218.24900,4164.77400,4198.69200,80529
2025.10.15,12:00,4198.73100,4212.36100,4176.18700,4190.23500,136065
2025.10.15,16:00,4190.28500,4213.52500,4182.52700,4210.37200,79938
2025.10.15,20:00,4210.32800,4215.90100,4199.61300,4209.45800,26788
2025.10.16,00:00,4209.55700,4242.11900,4204.95900,4233.81600,66660
2025.10.16,04:00,4233.80400,4239.42000,4203.50800,4230.54700,83943
2025.10.16,08:00,4230.61500,4247.73400,4222.06200,4240.65900,49461
2025.10.16,12:00,4240.70300,4276.07300,4227.66400,4273.38800,110993
2025.10.16,16:00,4273.43800,4313.04300,4261.38800,4307.37300,133785
2025.10.16,20:00,4307.41700,4380.04900,4307.41700,4365.80500,76242
2025.10.17,00:00,4365.76300,4371.63400,4278.86500,4366.73000,176866
2025.10.17,04:00,4366.71800,4378.55400,4308.91200,4341.79600,144941
2025.10.17,08:00,4341.82200,4349.74000,4286.63800,4287.11500,143330
2025.10.17,12:00,4287.17800,4320.28500,4216.82300,4237.47800,309805
2025.10.17,16:00,4237.54000,4244.95600,4186.17200,4225.93600,188113
2025.10.17,20:00,4225.89500,4252.70200,4220.10200,4250.93600,21088
2025.10.19,22:05,4264.62900,4268.32500,4233.24600,4237.86500,40968
2025.10.20,00:00,4237.83900,4271.28600,4218.93100,4264.72500,122938
2025.10.20,04:00,4264.68100,4268.31200,4221.41000,4255.17300,98116
2025.10.20,08:00,4255.13700,4279.73800,4245.62100,4279.28100,66885
2025.10.20,12:00,4279.24200,4355.78100,4272.72700,4349.21500,170739
2025.10.20,16:00,4349.18000,4381.61700,4337.34000,4378.21100,75231
2025.10.20,20:00,4378.16200,4380.11500,4346.47500,4360.44200,54129
2025.10.21,00:00,4360.40500,4372.29600,4332.89400,4346.57800,96985
2025.10.21,04:00,4346.53800,4346.99600,4293.36800,4298.44900,100183
2025.10.21,08:00,4298.41100,4301.77800,4244.70000,4253.32500,151665
2025.10.21,12:00,4253.35300,4257.51100,4080.81700,4138.60600,349273
2025.10.21,16:00,4138.64800,4143.86900,4093.56200,4108.95400,157648
2025.10.21,20:00,4108.99400,4132.32200,4090.12700,4093.14200,50016
2025.10.22,00:00,4093.18200,4143.13600,4004.18500,4128.67400,232516
2025.10.22,04:00,4128.61000,4161.36000,4107.53600,4132.90100,106601
2025.10.22,08:00,4132.86300,4135.88400,4015.04700,4027.77800,227676
2025.10.22,12:00,4027.80500,4085.27200,4010.98800,4037.04300,240652
2025.10.22,16:00,4037.00800,4113.63200,4023.21100,4102.52700,143221
2025.10.22,20:00,4102.43000,4116.48700,4080.51700,4087.63900,55354
2025.10.23,00:00,4087.61200,4100.72100,4065.98700,4091.17300,101024
2025.10.23,04:00,4091.19500,4137.71200,4079.65600,4094.29200,100022
2025.10.23,08:00,4094.34500,4125.44200,4094.34500,4109.61400,93332
2025.10.23,12:00,4109.58100,4154.68500,4100.14000,4141.84500,133251
2025.10.23,16:00,4141.77200,4148.64300,4116.42600,4118.28900,73432
2025.10.23,20:00,4118.33300,4131.92300,4105.81200,4121.70300,33593
2025.10.24,00:00,4121.72800,4144.27300,4107.55600,4122.26200,73241
2025.10.24,04:00,4122.22300,4123.29700,4069.54700,4074.36700,81775
2025.10.24,08:00,4074.43200,4077.86200,4043.97800,4061.37100,89558
2025.10.24,12:00,4061.47400,4135.16500,4059.81900,4130.34700,173454
2025.10.24,16:00,4130.44200,4138.62200,4101.82700,4103.99900,82401
2025.10.24,20:00,4104.03600,4114.07800,4096.25400,4113.08200,9779
2025.10.26,22:05,4083.57800,4109.19300,4061.91200,4064.45800,50115
2025.10.27,00:00,4064.53100,4097.78100,4058.10900,4069.56200,84789
2025.10.27,04:00,4069.52300,4084.78200,4053.76100,4068.61900,64990
2025.10.27,08:00,4068.58800,4070.53000,4015.39600,4023.92300,108476
2025.10.27,12:00,4023.98100,4050.27500,3971.34800,3989.93000,189993
2025.10.27,16:00,3990.03900,4010.14700,3983.97800,3990.12900,84343
2025.10.27,20:00,3990.17600,4004.56200,3979.10400,3998.47300,36756
2025.10.28,00:00,3998.37900,4019.76700,3973.04300,3992.90000,81753
2025.10.28,04:00,3992.83800,3994.25500,3921.71000,3932.48800,101384
2025.10.28,08:00,3932.55000,3935.89400,3886.54000,3923.29300,118868
2025.10.28,12:00,3923.32000,3969.61100,3905.48900,3964.79600,122197
2025.10.28,16:00,3964.68500,3970.42200,3945.14400,3960.31200,86154
2025.10.28,20:00,3960.34200,3967.82500,3915.88200,3964.82400,48662
2025.10.29,00:00,3964.83300,3982.25200,3944.19900,3963.36000,82042
2025.10.29,04:00,3963.37300,4001.59900,3950.74900,4001.54800,70164
2025.10.29,08:00,4001.60400,4029.70600,4000.43600,4016.69300,75448
2025.10.29,12:00,4016.72200,4030.26800,3989.22900,3993.00900,103619
2025.10.29,16:00,3993.05900,4007.46400,3927.91000,3945.55500,162549
2025.10.29,20:00,3945.52800,3954.23100,3917.19000,3952.84500,54073
2025.10.30,00:00,3952.79800,3966.38900,3915.30400,3937.95500,92177
2025.10.30,04:00,3938.02800,3982.42900,3934.84200,3961.33900,102179
2025.10.30,08:00,3961.48400,4011.87800,3960.16000,3974.38000,88848
2025.10.30,12:00,3974.42200,4014.83800,3960.07100,4001.93800,145341
2025.10.30,16:00,4001.90000,4026.01700,3991.38000,4023.46600,67747
2025.10.30,20:00,4023.43000,4046.39800,4016.32200,4036.65800,42439
2025.10.31,00:00,4036.63300,4039.28900,3991.09200,3996.42200,89621
2025.10.31,04:00,3996.44800,4025.35200,3989.05400,4021.04100,74294
2025.10.31,08:00,4020.96100,4026.87100,3998.79500,4010.53000,62751
2025.10.31,12:00,4010.46800,4036.18500,4009.07500,4012.71800,107759
2025.10.31,16:00,4012.67200,4015.13600,3972.40600,4001.07100,104534
2025.10.31,20:00,4001.03300,4006.70900,3996.13900,4001.62100,7997
2025.11.02,23:01,3990.71900,3998.94400,3977.94600,3980.12200,17543
2025.11.03,00:00,3980.07900,4015.55700,3962.30600,4011.18600,87350
2025.11.03,04:00,4011.18300,4026.05400,3997.68500,4025.27900,56113
2025.11.03,08:00,4025.37100,4027.84600,3992.96800,4007.56300,74933
2025.11.03,12:00,4007.55600,4030.64600,4001.75400,4008.63500,103125
2025.11.03,16:00,4008.60400,4013.49200,3995.07600,4004.67000,62122
2025.11.03,20:00,4004.71200,4014.93200,3980.96300,3997.22300,28590
2025.11.04,00:00,3997.30100,3999.33800,3975.46700,3994.56400,73574
2025.11.04,04:00,3994.52500,3996.43800,3966.77300,3993.93900,66695
2025.11.04,08:00,3994.03800,4000.71100,3985.89100,3995.17900,55299
2025.11.04,12:00,3995.22000,3997.57600,3928.81000,3956.79600,109460
2025.11.04,16:00,3956.87500,3975.77800,3932.10200,3937.45000,78592
2025.11.04,20:00,3937.48200,3942.07300,3930.39800,3934.76700,31904
2025.11.05,00:00,3934.79300,3965.38500,3929.59800,3960.80200,65991
2025.11.05,04:00,3960.84100,3978.55600,3959.73900,3972.70100,49294
2025.11.05,08:00,3972.73400,3987.09100,3955.99100,3966.87900,51766
2025.11.05,12:00,3966.82300,3985.56200,3962.25600,3978.27100,77614
2025.11.05,16:00,3978.34300,3990.54300,3974.81700,3987.87000,43803
2025.11.05,20:00,3987.90100,3990.24300,3966.71400,3973.67100,23987
2025.11.06,00:00,3973.63000,3990.43900,3964.54300,3987.55600,44731
2025.11.06,04:00,3987.54700,4009.64500,3982.17700,4005.87100,39415
2025.11.06,08:00,4005.85200,4019.60900,4004.24800,4018.18200,39439
2025.11.06,12:00,4018.04400,4019.50600,3975.19700,3980.26400,85142
2025.11.06,16:00,3980.31500,3995.27800,3965.74200,3985.39500,65903
2025.11.06,20:00,3985.35000,3989.71900,3974.35400,3989.17700,27700
2025.11.07,00:00,3989.21800,4003.40200,3984.49300,3990.44500,38476
2025.11.07,04:00,3990.41300,4010.01600,3985.36300,4007.77200,38030
2025.11.07,08:00,4007.83600,4014.19500,3993.69000,4002.86100,42382
2025.11.07,12:00,4002.93500,4008.48200,3984.05800,3990.95200,78996
2025.11.07,16:00,3990.98900,4027.62800,3989.91500,4006.83800,78238
2025.11.07,20:00,4006.81100,4007.18900,3994.33700,4001.42200,22552
2025.11.09,23:01,4004.87600,4012.26500,4004.04200,4011.86000,11863
2025.11.10,00:00,4011.87000,4053.25600,4011.13200,4050.18700,64169
2025.11.10,04:00,4050.14800,4079.16500,4049.94700,4075.20800,44846
2025.11.10,08:00,4075.24300,4086.23800,4071.59500,4085.29300,46412
2025.11.10,12:00,4085.33500,4105.88600,4074.40500,4084.55500,93179
2025.11.10,16:00,4084.50900,4115.83400,4081.92100,4113.17100,47704
2025.11.10,20:00,4113.10200,4122.66500,4106.64400,4119.95500,23593
2025.11.11,00:00,4119.99200,4148.11300,4116.19500,4146.84000,55062
2025.11.11,04:00,4146.79600,4148.86200,4124.54200,4129.67100,48191
2025.11.11,08:00,4129.55600,4146.00100,4128.80500,4142.78800,39916
2025.11.11,12:00,4142.82900,4146.64500,4097.10700,4106.67100,85290
2025.11.11,16:00,4106.62100,4126.17500,4105.04600,4123.01000,49055
2025.11.11,20:00,4123.06200,4144.67700,4122.36600,4142.63900,26991
2025.11.12,00:00,4142.62800,4145.52100,4111.79000,4111.97200,57025
2025.11.12,04:00,4111.89500,4125.31800,4098.90200,4116.96300,54243
2025.11.12,08:00,4117.00400,4133.57300,4112.13100,4126.12100,53722
2025.11.12,12:00,4126.09600,4185.70400,4122.80200,4181.42400,102989
2025.11.12,16:00,4181.38100,4211.75100,4180.07000,4197.44000,95807
2025.11.12,20:00,4197.39900,4208.17500,4187.21600,4191.09700,35743
2025.11.13,00:00,4191.05500,4213.46000,4179.92500,4213.12500,81000
2025.11.13,04:00,4213.09400,4220.15000,4203.28600,4219.94200,61587
2025.11.13,08:00,4219.89600,4240.26100,4218.87400,4230.50300,62534
2025.11.13,12:00,4230.53300,4245.33200,4184.50700,4202.48500,128838
2025.11.13,16:00,4202.50900,4211.04300,4145.37700,4163.83400,124052
2025.11.13,20:00,4163.87200,4186.69700,4160.28300,4185.94100,43649
2025.11.14,00:00,4186.02300,4211.57100,4173.68800,4204.43500,67143
2025.11.14,04:00,4204.40000,4205.83600,4158.83600,4181.00800,72679
2025.11.14,08:00,4180.90700,4186.97700,4130.77700,4132.85800,82669
2025.11.14,12:00,4132.81500,4140.50100,4032.19400,4093.47400,214012
2025.11.14,16:00,4093.55400,4111.21200,4080.78900,4089.97200,103720
2025.11.14,20:00,4090.02900,4092.33900,4075.31800,4084.62000,30485
2025.11.16,23:01,4083.75500,4106.77300,4071.87500,4096.46100,22952
2025.11.17,00:00,4096.52800,4102.10200,4070.04800,4082.99300,94379
2025.11.17,04:00,4082.92400,4089.24200,4049.67300,4088.15900,66734
2025.11.17,08:00,4088.13000,4095.98700,4061.02600,4078.49300,72522
2025.11.17,12:00,4078.37700,4092.25100,4060.63300,4064.17200,102340
2025.11.17,16:00,4064.14500,4081.10900,4010.80800,4011.22900,100617
2025.11.17,20:00,4011.25800,4055.59400,4006.82700,4036.82500,59247
2025.11.18,00:00,4036.86200,4045.05200,4008.20200,4013.28500,85800
2025.11.18,04:00,4013.31600,4025.22700,3998.03700,4013.67400,73291
2025.11.18,08:00,4013.64800,4050.43400,4010.54000,4039.33400,69213
2025.11.18,12:00,4039.30300,4082.04200,4029.08900,4052.93800,131788
2025.11.18,16:00,4053.00100,4082.06000,4040.40200,4081.08900,85043
2025.11.18,20:00,4081.13400,4082.27300,4064.81000,4076.69200,31904
2025.11.19,00:00,4076.80600,4080.65900,4055.66300,4066.98900,65129
2025.11.19,04:00,4066.95500,4098.60200,4064.40600,4087.04600,55379
2025.11.19,08:00,4087.00300,4119.17300,4078.21200,4112.90000,70914
2025.11.19,12:00,4112.81800,4132.68600,4090.08400,4094.89200,110515
2025.11.19,16:00,4094.84700,4098.64600,4055.57200,4073.65100,146606
2025.11.19,20:00,4073.63000,4108.23900,4065.60300,4104.66200,46074
2025.11.20,00:00,4104.69200,4110.34100,4039.86500,4072.46600,97540
2025.11.20,04:00,4072.42700,4080.56700,4054.04800,4059.97400,69019
2025.11.20,08:00,4059.90100,4072.77900,4038.68600,4060.80400,85689
2025.11.20,12:00,4060.77600,4107.17100,4060.08400,4070.31300,146912
2025.11.20,16:00,4070.27100,4087.31200,4043.67400,4084.65200,160100
2025.11.20,20:00,4084.61500,4088.81700,4072.92400,4079.19400,43026
2025.11.21,00:00,4079.24600,4081.45300,4049.39600,4056.16000,74838
2025.11.21,04:00,4056.12900,4064.84500,4024.81000,4031.70500,82724
2025.11.21,08:00,4031.74200,4063.62100,4022.25800,4036.58800,94980
2025.11.21,12:00,4036.55300,4083.96800,4034.75800,4069.73900,151513
2025.11.21,16:00,4069.72300,4101.28600,4062.91000,4087.62100,104426
2025.11.21,20:00,4087.64500,4088.77600,4054.50800,4066.11300,39781
2025.11.23,23:01,4072.46900,4077.69500,4065.81500,4075.11700,14661
2025.11.24,00:00,4075.14800,4076.14400,4040.58200,4050.51000,67671
2025.11.24,04:00,4050.54000,4067.63900,4039.84200,4059.90000,63048
2025.11.24,08:00,4059.85800,4077.22700,4059.57000,4069.96800,54241
2025.11.24,12:00,4069.86000,4093.90200,4065.66500,4091.74100,86167
2025.11.24,16:00,4091.79100,4125.78100,4088.03400,4118.50800,66492
2025.11.24,20:00,4118.53100,4144.41100,4117.94200,4143.71900,38635
2025.11.25,00:00,4143.67700,4155.82000,4122.52400,4143.05200,84213
2025.11.25,04:00,4143.02600,4152.06300,4130.27700,4132.58900,58448
2025.11.25,08:00,4132.65600,4139.52200,4109.15600,4133.45600,65483
2025.11.25,12:00,4133.52200,4150.84400,4111.03400,4123.13000,108115
2025.11.25,16:00,4123.09200,4159.49800,4122.15200,4133.76100,84058
2025.11.25,20:00,4133.79700,4138.43100,4127.67300,4133.73000,27667
2025.11.26,00:00,4133.80500,4169.42100,4132.59500,4166.12100,57759
2025.11.26,04:00,4166.08700,4168.66000,4146.59800,4157.30900,50079
2025.11.26,08:00,4157.36900,4173.16100,4154.69600,4171.55600,54334
2025.11.26,12:00,4171.57700,4173.59500,4136.50800,4165.24600,100775
2025.11.26,16:00,4165.28600,4171.78000,4157.95100,4163.25400,56480
2025.11.26,20:00,4163.28300,4168.94400,4161.32400,4164.96500,23940
2025.11.27,00:00,4164.92200,4167.31300,4144.14500,4147.46400,50424
2025.11.27,04:00,4147.42000,4162.25200,4142.60100,4160.02000,45175
2025.11.27,08:00,4160.05900,4167.18100,4148.26100,4157.35200,45009
2025.11.27,12:00,4157.40500,4161.86000,4149.15100,4158.05600,44216
2025.11.27,16:00,4158.00500,4160.37000,4151.44300,4157.11600,17630
2025.11.27,23:01,4160.41300,4164.01000,4158.29900,4163.43100,4645
2025.11.28,00:00,4163.37100,4193.04400,4163.14500,4184.22700,42366
2025.11.28,04:00,4184.23200,4188.86200,4155.87400,4174.63100,24662
2025.11.28,08:00,4174.63500,4180.13900,4147.52900,4172.01900,56443
2025.11.28,12:00,4171.98000,4208.95800,4168.71200,4203.54800,57460
2025.11.28,16:00,4203.57500,4226.47900,4197.55900,4219.17900,51530
2025.11.30,23:01,4219.88700,4225.30900,4205.82700,4221.87600,15682
2025.12.01,00:00,4221.85100,4256.44700,4218.24500,4239.35000,84506
2025.12.01,04:00,4239.31300,4246.98900,4215.43400,4245.32000,60165
2025.12.01,08:00,4245.28600,4262.27800,4238.45700,4254.63400,50353
2025.12.01,12:00,4254.63900,4264.56200,4219.61000,4232.56500,104674
2025.12.01,16:00,4232.58900,4244.66700,4223.12700,4236.85100,93310
2025.12.01,20:00,4236.81900,4241.51600,4224.42300,4227.64800,35155
2025.12.02,00:00,4227.67900,4229.76600,4191.18300,4216.93200,82185
2025.12.02,04:00,4216.91300,4226.27500,4203.25800,4213.34700,54175
2025.12.02,08:00,4213.32000,4217.20200,4180.94500,4205.31900,60406
2025.12.02,12:00,4205.25400,4230.85900,4163.56600,4169.35800,116108
2025.12.02,16:00,4169.47400,4200.69300,4166.91100,4196.52000,81559
2025.12.02,20:00,4196.55700,4216.26000,4194.87500,4212.87600,33757
2025.12.03,00:00,4212.91300,4228.86400,4204.33900,4221.24400,62251
2025.12.03,04:00,4221.18200,4225.41400,4199.95900,4206.45300,59921
2025.12.03,08:00,4206.48500,4210.26300,4194.48000,4208.56400,50677
2025.12.03,12:00,4208.53700,4241.57900,4205.12400,4216.34200,110402
2025.12.03,16:00,4216.30700,4224.96400,4195.22500,4207.87200,79008
2025.12.03,20:00,4207.83000,4212.74800,4202.39500,4207.16500,25951
2025.12.04,00:00,4207.10200,4216.81700,4187.21500,4195.85100,60852
2025.12.04,04:00,4195.77200,4199.17100,4174.83400,4193.75300,62808
2025.12.04,08:00,4193.71300,4206.55000,4183.69400,4198.62500,51858
2025.12.04,12:00,4198.59700,4213.58600,4185.50600,4207.52000,97207
2025.12.04,16:00,4207.49300,4219.41400,4199.59900,4208.93900,59553
2025.12.04,20:00,4208.91100,4210.32000,4203.89000,4206.07900,21028
2025.12.05,00:00,4206.07700,4210.95300,4194.82400,4209.55700,48358
2025.12.05,04:00,4209.54400,4230.69000,4207.84400,4224.40900,44395
2025.12.05,08:00,4224.44900,4227.55300,4215.93900,4223.69300,33338
2025.12.05,12:00,4223.72100,4259.24000,4221.55000,4243.68200,87252
2025.12.05,16:00,4243.71600,4245.69800,4198.64200,4207.64900,105913
2025.12.05,20:00,4207.69000,4207.84400,4191.86300,4198.52200,37406
2025.12.07,23:01,4202.42600,4208.45800,4190.00400,4201.38900,2187
2025.12.08,00:00,4201.43300,4213.43900,4197.54300,4210.00800,51034
2025.12.08,04:00,4210.04100,4218.96300,4204.60300,4206.86400,34554
2025.12.08,08:00,4206.86300,4216.48300,4199.69400,4208.39100,38102
2025.12.08,12:00,4208.51100,4215.56400,4176.13700,4182.93300,80908
2025.12.08,16:00,4182.89100,4197.89100,4177.11800,4187.05700,46560
2025.12.08,20:00,4187.01700,4195.49700,4184.92800,4194.73500,16150
2025.12.09,00:00,4194.74000,4198.80800,4185.98000,4194.52300,38604
2025.12.09,04:00,4194.45700,4195.65400,4170.09700,4182.36800,47004
2025.12.09,08:00,4182.34100,4213.08000,4182.34100,4202.97600,49766
2025.12.09,12:00,4203.02100,4216.46100,4189.39100,4212.47500,92384
2025.12.09,16:00,4212.50500,4221.49700,4201.26800,4212.57700,69025
2025.12.09,20:00,4212.54000,4216.11000,4207.23100,4210.87000,37851
2025.12.10,00:00,4210.80400,4218.77800,4206.90200,4216.42700,36910
